snapped_at,price,market_cap,total_volume
2019-09-16 00:00:00 UTC,1502.6000230453196,0.0,1603273.7257261483
2019-09-17 00:00:00 UTC,1597.0231539780154,0.0,2473519.030244896
2019-09-18 00:00:00 UTC,1507.869423662994,0.0,2153964.46425334
2019-09-19 00:00:00 UTC,1503.8634916056137,0.0,2703750.072126261
2019-09-20 00:00:00 UTC,1518.5827931962083,0.0,8353192.855145371
2019-09-21 00:00:00 UTC,1508.6632919672177,0.0,2661264.1338590975
2019-09-22 00:00:00 UTC,1516.4875323000297,0.0,2425875.2728418424
2019-09-23 00:00:00 UTC,1504.6320415649332,0.0,2077997.8120116438
2019-09-24 00:00:00 UTC,1517.4341499555876,0.0,7792004.803154364
2019-09-25 00:00:00 UTC,1545.6478159637784,0.0,11315980.259456158
2019-09-26 00:00:00 UTC,1510.1913942651797,0.0,4814879.7615335155
2019-09-27 00:00:00 UTC,1508.892491316183,0.0,5310818.850411454
2019-09-28 00:00:00 UTC,1515.003672984527,0.0,2567637.036027484
2019-09-29 00:00:00 UTC,1523.6603120938921,0.0,2199667.8124995157
2019-09-30 00:00:00 UTC,1521.5201645739287,0.0,1596713.4495218995
2019-10-01 00:00:00 UTC,1509.9664657056605,0.0,3034422.6766117667
2019-10-02 00:00:00 UTC,1460.591868224403,0.0,890460.1371837473
2019-10-03 00:00:00 UTC,1460.591868224403,0.0,890460.1371837473
2019-10-04 00:00:00 UTC,1505.016114604156,0.0,1673431.2616395175
2019-10-05 00:00:00 UTC,1500.4474130711196,0.0,1558589.7413249412
2019-10-06 00:00:00 UTC,1495.6555986174515,0.0,1320594.3361756785
2019-10-07 00:00:00 UTC,1521.0869642741904,0.0,3299210.282451449
2019-10-08 00:00:00 UTC,1519.2722842251571,0.0,3983317.4344812143
2019-10-09 00:00:00 UTC,1518.6586985229756,0.0,2231699.1910367673
2019-10-10 00:00:00 UTC,1512.7327548221867,0.0,5649493.390241117
2019-10-11 00:00:00 UTC,1532.173553742262,0.0,3316134.5501060016
2019-10-12 00:00:00 UTC,1525.5012712041737,0.0,4807114.872112813
2019-10-13 00:00:00 UTC,1516.5982618079804,0.0,1189462.5582952122
2019-10-14 00:00:00 UTC,1521.8421703544668,0.0,1971986.9786896294
2019-10-15 00:00:00 UTC,1530.453598855443,0.0,1852175.819191492
2019-10-16 00:00:00 UTC,1526.5476962588223,0.0,2825271.7183334874
2019-10-17 00:00:00 UTC,1518.2539504216297,0.0,2505111.1475672103
2019-10-18 00:00:00 UTC,1509.324462296757,0.0,2314133.1700858157
2019-10-19 00:00:00 UTC,1520.2359063129175,0.0,5278738.438146079
2019-10-20 00:00:00 UTC,1519.1525492163566,0.0,4370753.811578638
2019-10-21 00:00:00 UTC,1528.802877652011,0.0,6791479.8417298235
2019-10-22 00:00:00 UTC,1523.4581968196421,0.0,5116865.105263704
2019-10-23 00:00:00 UTC,1508.0660919283703,0.0,1866664.1863766524
2019-10-24 00:00:00 UTC,1492.4429411631027,0.0,15956349.383348122
2019-10-25 00:00:00 UTC,1471.14120519537,0.0,4315862.641943169
2019-10-26 00:00:00 UTC,1521.0109689034614,0.0,1206674.702783158
2019-10-27 00:00:00 UTC,1508.9248860568364,0.0,669.4948826945578
2019-10-28 00:00:00 UTC,1512.234255708932,0.0,125380.99896883132
2019-10-29 00:00:00 UTC,1506.5273601337942,0.0,548005.0285763061
2019-10-30 00:00:00 UTC,1536.4914821844498,0.0,1075262.4139392045
2019-10-31 00:00:00 UTC,1493.884285739601,0.0,860577.7937999993
2019-11-01 00:00:00 UTC,1487.8479937258012,0.0,978975.8609411384
2019-11-02 00:00:00 UTC,1515.4213476343768,0.0,4923300.611435532
2019-11-03 00:00:00 UTC,1510.8899381565582,0.0,2505360.3181634545
2019-11-04 00:00:00 UTC,1484.0286007773766,0.0,3405781.933568526
2019-11-05 00:00:00 UTC,1477.669396777444,0.0,9247788.456927199
2019-11-06 00:00:00 UTC,1477.459044931216,0.0,9556343.656563794
2019-11-07 00:00:00 UTC,1503.1917487091034,0.0,6725962.999771262
2019-11-08 00:00:00 UTC,1475.8194489306306,0.0,6524101.757894864
2019-11-09 00:00:00 UTC,1451.5600695863739,0.0,14179628.843175795
2019-11-10 00:00:00 UTC,1465.8287762783193,0.0,10417.224620183428
2019-11-11 00:00:00 UTC,1468.6713173068413,0.0,35119.070319050086
2019-11-12 00:00:00 UTC,1457.4218534132583,0.0,245131.375890358
2019-11-13 00:00:00 UTC,1455.7547222494761,0.0,8191525.807285014
2019-11-14 00:00:00 UTC,1478.7746781395647,0.0,5992849.16102885
2019-11-15 00:00:00 UTC,1477.2055857479595,0.0,7549999.769464912
2019-11-16 00:00:00 UTC,1554.7342400042369,0.0,15670175.725202456
2019-11-17 00:00:00 UTC,1550.526892682338,0.0,4954143.252491921
2019-11-18 00:00:00 UTC,1416.667032134804,0.0,8499511.514759043
2019-11-19 00:00:00 UTC,1505.4908666909794,0.0,13551021.835794551
2019-11-20 00:00:00 UTC,1484.1795753163674,0.0,10296082.61797224
2019-11-21 00:00:00 UTC,1452.231162613262,0.0,10043979.666076666
2019-11-22 00:00:00 UTC,1462.2400652512304,0.0,3033720.381619737
2019-11-23 00:00:00 UTC,1468.3078461338537,0.0,3859286.092192239
2019-11-24 00:00:00 UTC,1506.7551383159853,0.0,985093.3746210096
2019-11-25 00:00:00 UTC,1450.818941301206,0.0,1331448.752531246
2019-11-26 00:00:00 UTC,1472.7734384036128,0.0,1774436.121373722
2019-11-27 00:00:00 UTC,1517.1791743240296,0.0,629597.6895088401
2019-11-28 00:00:00 UTC,1480.7004021785624,0.0,736655.1012369002
2019-11-29 00:00:00 UTC,1464.4013756699037,0.0,313743.3584372899
2019-11-30 00:00:00 UTC,1463.7821549549885,0.0,329565.3900255377
2019-12-01 00:00:00 UTC,1463.8615332106242,0.0,274699.8960114895
2019-12-02 00:00:00 UTC,1464.4505752410366,0.0,383235.47572435834
2019-12-03 00:00:00 UTC,1470.4985380353312,0.0,310070.258711818
2019-12-04 00:00:00 UTC,1464.2328516476716,0.0,215279.5152554945
2019-12-05 00:00:00 UTC,1472.2635324454109,0.0,828938.2569365255
2019-12-06 00:00:00 UTC,1481.4265641668303,0.0,562203.1247891929
2019-12-07 00:00:00 UTC,1479.4959084970073,0.0,470846.2448317213
2019-12-08 00:00:00 UTC,1480.165650171318,0.0,273071.6259692013
2019-12-09 00:00:00 UTC,1479.134981981696,0.0,281953.3887530741
2019-12-10 00:00:00 UTC,1481.7734360762963,0.0,515013.4668564726
2019-12-11 00:00:00 UTC,1479.570158086643,0.0,369616.45553172287
2019-12-12 00:00:00 UTC,1476.2223230745633,0.0,359244.05973079865
2019-12-13 00:00:00 UTC,1476.801477650793,0.0,466792.6288843422
2019-12-14 00:00:00 UTC,1457.040181547878,0.0,316136.1619797741
2019-12-15 00:00:00 UTC,1482.3716681083456,0.0,331143.60823161993
2019-12-16 00:00:00 UTC,1477.409109103721,0.0,343077.86670316505
2019-12-17 00:00:00 UTC,1482.672867909525,0.0,708256.635665795
2019-12-18 00:00:00 UTC,1464.9233373358434,0.0,905504.8218209473
2019-12-19 00:00:00 UTC,1466.845754220496,0.0,1496872.1418568736
2019-12-20 00:00:00 UTC,1467.993279148916,0.0,613893.9024306473
2019-12-21 00:00:00 UTC,1468.97047204569,0.0,387277.411110827
2019-12-22 00:00:00 UTC,1464.8001561410433,0.0,159026.67826832322
2019-12-23 00:00:00 UTC,1480.4120944716742,0.0,464462.938812995
2019-12-24 00:00:00 UTC,1466.2059673096528,0.0,792538.7103911658
2019-12-25 00:00:00 UTC,1471.5832206786783,0.0,482198.6596712823
2019-12-26 00:00:00 UTC,1473.3205920076502,0.0,233255.35363485262
2019-12-27 00:00:00 UTC,1472.240620718742,0.0,362956.5893934435
2019-12-28 00:00:00 UTC,1516.2575691991408,0.0,441804.00310034264
2019-12-29 00:00:00 UTC,1513.9717703666379,0.0,343653.068524242
2019-12-30 00:00:00 UTC,1528.8671153026276,0.0,371648.0856453916
2019-12-31 00:00:00 UTC,1529.074037500534,0.0,318008.0779805993
2020-01-01 00:00:00 UTC,1532.9713123251918,0.0,296809.05131186015
2020-01-02 00:00:00 UTC,1527.9126975045997,0.0,157464.95281697085
2020-01-03 00:00:00 UTC,1529.3437063440315,0.0,647653.6974748446
2020-01-04 00:00:00 UTC,1531.0902626904174,0.0,1187482.4478435754
2020-01-05 00:00:00 UTC,1534.5990738213682,0.0,403574.8603732233
2020-01-06 00:00:00 UTC,1535.1831208339604,0.0,664382.2163973791
2020-01-07 00:00:00 UTC,1534.0994428561892,0.0,739439.0398541646
2020-01-08 00:00:00 UTC,1532.2253740956635,0.0,852259.8675523958
2020-01-09 00:00:00 UTC,1563.2305786623626,0.0,844319.6307011367
2020-01-10 00:00:00 UTC,1559.6327308815912,0.0,437233.73238993535
2020-01-11 00:00:00 UTC,1517.0301311245646,0.0,449425.0840558949
2020-01-12 00:00:00 UTC,1513.9582514459469,0.0,273155.2086934228
2020-01-13 00:00:00 UTC,1513.5023301784086,0.0,124745.3848546503
2020-01-14 00:00:00 UTC,1520.1189131157855,0.0,106698.5734664336
2020-01-15 00:00:00 UTC,1565.1340421470122,0.0,719121.0941640651
2020-01-16 00:00:00 UTC,1522.5851526141594,0.0,405920.9158336598
2020-01-17 00:00:00 UTC,1513.7485770406954,0.0,270421.3737296412
2020-01-18 00:00:00 UTC,1581.0579002157392,0.0,468580.3972106828
2020-01-19 00:00:00 UTC,1585.606055414393,0.0,223052.30477382132
2020-01-20 00:00:00 UTC,1580.9079454240289,0.0,484145.8111301878
2020-01-21 00:00:00 UTC,1580.7309144532448,0.0,257621.40405435176
2020-01-22 00:00:00 UTC,1574.678962616004,0.0,201972.41661977072
2020-01-23 00:00:00 UTC,1576.055999399196,0.0,157813.60043950172
2020-01-24 00:00:00 UTC,1580.2524309730345,0.0,255761.0923466863
2020-01-25 00:00:00 UTC,1582.2033331188977,0.0,255446.30012099465
2020-01-26 00:00:00 UTC,1586.8025433737437,0.0,79683.90753047733
2020-01-27 00:00:00 UTC,1585.8427682354184,0.0,493030.0567123647
2020-01-28 00:00:00 UTC,1585.4209540754753,0.0,1145603.6943725902
2020-01-29 00:00:00 UTC,1580.5617423904882,0.0,1264496.8751097727
2020-01-30 00:00:00 UTC,1579.935266718643,0.0,491430.96395762044
2020-01-31 00:00:00 UTC,1580.0559631026977,0.0,1555196.485257376
2020-02-01 00:00:00 UTC,1585.9331561189288,0.0,670015.1476727535
2020-02-02 00:00:00 UTC,1590.629701671942,0.0,184557.24826076685
2020-02-03 00:00:00 UTC,1595.2927165976325,0.0,492956.88380459667
2020-02-04 00:00:00 UTC,1603.6660906578504,0.0,370323.05000556906
2020-02-05 00:00:00 UTC,1584.2197313850374,0.0,483484.9081618274
2020-02-06 00:00:00 UTC,1581.1171968755618,0.0,295988.37691638863
2020-02-07 00:00:00 UTC,1576.416766593686,0.0,69128.09378987452
2020-02-08 00:00:00 UTC,1583.2474545841148,0.0,71799.75287312888
2020-02-09 00:00:00 UTC,1570.3092773889284,0.0,21679.62147668498
2020-02-10 00:00:00 UTC,1575.5974600146421,0.0,47800.69526916152
2020-02-11 00:00:00 UTC,1573.868849989349,0.0,64005.89116199091
2020-02-12 00:00:00 UTC,1586.1555475048172,0.0,264199.58519304165
2020-02-13 00:00:00 UTC,1585.014616474603,0.0,721822.869767693
2020-02-14 00:00:00 UTC,1586.9565077273212,0.0,1651053.334446177
2020-02-15 00:00:00 UTC,1589.7826268948174,0.0,1033305.9144149234
2020-02-16 00:00:00 UTC,1589.2692318514366,0.0,1056383.9871878808
2020-02-17 00:00:00 UTC,1591.549038496259,0.0,787344.8976844581
2020-02-18 00:00:00 UTC,1594.5595787339757,0.0,1092796.190698729
2020-02-19 00:00:00 UTC,1542.9001246523203,0.0,1028589.634444988
2020-02-20 00:00:00 UTC,1536.440380704057,0.0,835887.2751938307
2020-02-21 00:00:00 UTC,1550.677940002511,0.0,734099.1221472337
2020-02-22 00:00:00 UTC,1580.5064866278194,0.0,512679.27237108914
2020-02-23 00:00:00 UTC,1584.176866891407,0.0,577759.8189158401
2020-02-24 00:00:00 UTC,1644.2912244351212,0.0,735590.2347974724
2020-02-25 00:00:00 UTC,1669.7950112297437,0.0,1386697.7918251315
2020-02-26 00:00:00 UTC,1671.7206014306296,0.0,969615.9443470727
2020-02-27 00:00:00 UTC,1675.2140476601649,0.0,1408045.6317141948
2020-02-28 00:00:00 UTC,1687.0963604240737,0.0,1225469.0242169143
2020-02-29 00:00:00 UTC,1581.699637499053,0.0,267836.7119529061
2020-03-01 00:00:00 UTC,1610.7131472677772,0.0,450826.2031946051
2020-03-02 00:00:00 UTC,1626.499212033306,0.0,801664.1421229775
2020-03-03 00:00:00 UTC,1625.9578679736103,0.0,943489.5997368853
2020-03-04 00:00:00 UTC,1644.482614041627,0.0,1354716.632223843
2020-03-05 00:00:00 UTC,1631.0936697932486,0.0,628720.8604803785
2020-03-06 00:00:00 UTC,1623.3468250520245,0.0,1080141.810977415
2020-03-07 00:00:00 UTC,1639.869211407969,0.0,1430332.1706870059
2020-03-08 00:00:00 UTC,1611.8960057752943,0.0,639867.0585203362
2020-03-09 00:00:00 UTC,1630.5035662443854,0.0,1373513.9732347024
2020-03-10 00:00:00 UTC,1637.046327330412,0.0,1717963.7585877234
2020-03-11 00:00:00 UTC,1600.4059736008116,0.0,836274.9264288413
2020-03-12 00:00:00 UTC,1658.035710909088,0.0,585243.8397833476
2020-03-13 00:00:00 UTC,1576.0045954654859,0.0,3931158.5172021063
2020-03-14 00:00:00 UTC,1610.2697695163656,0.0,2971300.8260703543
2020-03-15 00:00:00 UTC,1575.62544878242,0.0,760432.6675802364
2020-03-16 00:00:00 UTC,1568.5184731742143,0.0,1028249.6730596971
2020-03-17 00:00:00 UTC,1562.709933800195,0.0,1338539.2675843025
2020-03-18 00:00:00 UTC,1559.8613825281002,0.0,888232.4982132795
2020-03-19 00:00:00 UTC,1537.4663389084496,0.0,968678.4314357183
2020-03-20 00:00:00 UTC,1525.3998018337666,0.0,958924.8737225496
2020-03-21 00:00:00 UTC,1549.373861122784,0.0,1111920.823300633
2020-03-22 00:00:00 UTC,1598.2927849952714,0.0,623807.638586588
2020-03-23 00:00:00 UTC,1543.7964214016479,0.0,816603.8225565339
2020-03-24 00:00:00 UTC,1612.86130277898,0.0,1200644.2327775897
2020-03-25 00:00:00 UTC,1638.4187120105912,0.0,2245768.1637252695
2020-03-26 00:00:00 UTC,1641.486500311651,0.0,1113428.7325279107
2020-03-27 00:00:00 UTC,1701.6357981508377,0.0,735968.1207008754
2020-03-28 00:00:00 UTC,1613.6394111337684,0.0,632912.1433414172
2020-03-29 00:00:00 UTC,1630.5338081582327,0.0,463531.25665625976
2020-03-30 00:00:00 UTC,1649.084346856688,0.0,782836.1703367259
2020-03-31 00:00:00 UTC,1638.962095126011,0.0,1060509.4555044754
2020-04-01 00:00:00 UTC,1627.71301660306,0.0,854962.4223359919
2020-04-02 00:00:00 UTC,1631.8844238871006,0.0,1303781.0629940766
2020-04-03 00:00:00 UTC,1620.3361180895542,0.0,774027.7030967801
2020-04-04 00:00:00 UTC,1624.7316850144043,0.0,1146840.7616209488
2020-04-05 00:00:00 UTC,1622.1172591137451,0.0,768420.1757208087
2020-04-06 00:00:00 UTC,1619.51029370552,0.0,740053.1158977287
2020-04-07 00:00:00 UTC,1653.2949275642811,0.0,1350546.6688418537
2020-04-08 00:00:00 UTC,1633.0282086518423,0.0,917374.7020019059
2020-04-09 00:00:00 UTC,1656.780592313296,0.0,917406.5596328394
2020-04-10 00:00:00 UTC,1660.4611419550324,0.0,687341.3580178074
2020-04-11 00:00:00 UTC,1687.712589152455,0.0,1237994.6477753767
2020-04-12 00:00:00 UTC,1690.4935607329094,0.0,692443.2198790717
2020-04-13 00:00:00 UTC,1681.79650795123,0.0,955419.0545773606
2020-04-14 00:00:00 UTC,1707.0923960148828,0.0,1427767.4801635721
2020-04-15 00:00:00 UTC,1739.3432628405674,0.0,1270066.1563291505
2020-04-16 00:00:00 UTC,1739.3116877836894,0.0,1730668.8072022207
2020-04-17 00:00:00 UTC,1730.7558549939415,0.0,1985391.3436810337
2020-04-18 00:00:00 UTC,1716.5443106447467,0.0,989317.4011502747
2020-04-19 00:00:00 UTC,1698.7486889613376,0.0,831175.7062259241
2020-04-20 00:00:00 UTC,1696.836430904995,0.0,890646.2066272782
2020-04-21 00:00:00 UTC,1718.2861243558946,0.0,1431344.6628902217
2020-04-22 00:00:00 UTC,1710.362854740449,0.0,934011.4129034575
2020-04-23 00:00:00 UTC,1710.1535119331334,0.0,1150333.201033568
2020-04-24 00:00:00 UTC,1717.379995701688,0.0,894498.0392438855
2020-04-25 00:00:00 UTC,1734.907234471971,0.0,477017.03467091604
2020-04-26 00:00:00 UTC,1740.5214331391871,0.0,361771.17680281785
2020-04-27 00:00:00 UTC,1738.4156964935482,0.0,250914.020118176
2020-04-28 00:00:00 UTC,1722.1398643539387,0.0,718400.5846582921
2020-04-29 00:00:00 UTC,1713.7049368367052,0.0,604732.702374911
2020-04-30 00:00:00 UTC,1726.106392659863,0.0,651456.0228496885
2020-05-01 00:00:00 UTC,1687.3459138089902,0.0,596438.5777311249
2020-05-02 00:00:00 UTC,1702.7396079572138,0.0,347399.56811079767
2020-05-03 00:00:00 UTC,1710.9086422951239,0.0,286901.37048752815
2020-05-04 00:00:00 UTC,1705.3157846812173,0.0,159007.2670520272
2020-05-05 00:00:00 UTC,1709.3903093591762,0.0,293435.2764267542
2020-05-06 00:00:00 UTC,1704.969282217781,0.0,245098.02265728996
2020-05-07 00:00:00 UTC,1680.5688796988863,0.0,337228.86613221985
2020-05-08 00:00:00 UTC,1711.9378986357901,0.0,336577.56402916135
2020-05-09 00:00:00 UTC,1726.149474328884,0.0,226185.4980244227
2020-05-10 00:00:00 UTC,1684.9082275552073,0.0,397559.0122095109
2020-05-11 00:00:00 UTC,1705.6816113803163,0.0,461473.00560968765
2020-05-12 00:00:00 UTC,1702.0516756137852,0.0,423025.18085395795
2020-05-13 00:00:00 UTC,1711.1087488186656,0.0,207282.67956184657
2020-05-14 00:00:00 UTC,1721.4482675409752,0.0,277588.077095395
2020-05-15 00:00:00 UTC,1732.9764674679295,0.0,507723.4531613445
2020-05-16 00:00:00 UTC,1740.4976439981776,0.0,698169.9236013332
2020-05-17 00:00:00 UTC,1747.0470018405051,0.0,206748.79731361527
2020-05-18 00:00:00 UTC,1758.1300436562608,0.0,275716.744190702
2020-05-19 00:00:00 UTC,1742.1973193948518,0.0,901666.1852695257
2020-05-20 00:00:00 UTC,1774.4481917717444,0.0,722799.6377647629
2020-05-21 00:00:00 UTC,1782.9230831161985,0.0,1174209.886374168
2020-05-22 00:00:00 UTC,1762.4145786787317,0.0,1138156.507683881
2020-05-23 00:00:00 UTC,1746.7198238623664,0.0,669568.5099615313
2020-05-24 00:00:00 UTC,1732.3694179890153,0.0,484295.1041317541
2020-05-25 00:00:00 UTC,1725.9995104842226,0.0,591035.4602048233
2020-05-26 00:00:00 UTC,1730.2310265930844,0.0,392548.12221692235
2020-05-27 00:00:00 UTC,1720.3784160980622,0.0,259306.85511716656
2020-05-28 00:00:00 UTC,1713.2304848674778,0.0,610616.8607140448
2020-05-29 00:00:00 UTC,1741.5815817633722,0.0,548616.2589115555
2020-05-30 00:00:00 UTC,1751.2846291889637,0.0,269412.53614216845
2020-05-31 00:00:00 UTC,1742.0085684660323,0.0,352564.4918557791
2020-06-01 00:00:00 UTC,1748.1386893833387,0.0,258344.16839963096
2020-06-02 00:00:00 UTC,1740.0973748452463,0.0,348865.92042456166
2020-06-03 00:00:00 UTC,1734.5444998518904,0.0,646439.8003711886
2020-06-04 00:00:00 UTC,1699.1878531063426,0.0,510491.9873713226
2020-06-05 00:00:00 UTC,1717.743428581533,0.0,398931.5308631454
2020-06-06 00:00:00 UTC,1686.785842456959,0.0,674004.5505588257
2020-06-07 00:00:00 UTC,1689.1171562312813,0.0,192655.0518442033
2020-06-08 00:00:00 UTC,1686.0128231864624,0.0,229256.84770219855
2020-06-09 00:00:00 UTC,1697.6891642921116,0.0,276069.72693047667
2020-06-10 00:00:00 UTC,1709.606165857654,0.0,272648.80027273495
2020-06-11 00:00:00 UTC,1730.8457710468626,0.0,540476.5544999236
2020-06-12 00:00:00 UTC,1713.1980655814255,0.0,495708.2985324946
2020-06-13 00:00:00 UTC,1721.1430589153772,0.0,507467.2926929758
2020-06-14 00:00:00 UTC,1733.786214874608,0.0,248016.4287632575
2020-06-15 00:00:00 UTC,1759.0476259454967,0.0,232567.88162859183
2020-06-16 00:00:00 UTC,1740.1952763465547,0.0,493404.46520963596
2020-06-17 00:00:00 UTC,1754.5756775222815,0.0,337669.40657452605
2020-06-18 00:00:00 UTC,1730.4209901265078,0.0,906363.1539362364
2020-06-19 00:00:00 UTC,1715.7318550645564,0.0,261352.5662084257
2020-06-20 00:00:00 UTC,1715.6040561365694,0.0,341456.06442614336
2020-06-21 00:00:00 UTC,1713.4498442884505,0.0,253299.12809231383
2020-06-22 00:00:00 UTC,1710.4369184631184,0.0,241600.06206530638
2020-06-23 00:00:00 UTC,1753.965274048543,0.0,505071.0848545585
2020-06-24 00:00:00 UTC,1777.0744296863957,0.0,672255.3858421403
2020-06-25 00:00:00 UTC,1769.9659136416174,0.0,831455.6868836976
2020-06-26 00:00:00 UTC,1771.6220196458612,0.0,426805.9402507844
2020-06-27 00:00:00 UTC,1793.917069961171,0.0,528762.2405466563
2020-06-28 00:00:00 UTC,1781.2986779670084,0.0,566586.8739113428
2020-06-29 00:00:00 UTC,1812.4955238149198,0.0,666400.7871822099
2020-06-30 00:00:00 UTC,1787.9808397126194,0.0,718347.8596745408
2020-07-01 00:00:00 UTC,1790.111800134585,0.0,467829.5817421358
2020-07-02 00:00:00 UTC,1780.7973431469625,0.0,614398.2900356101
2020-07-03 00:00:00 UTC,1799.0253722379553,0.0,586658.0095107625
2020-07-04 00:00:00 UTC,1808.4770572724722,0.0,495721.37713979714
2020-07-05 00:00:00 UTC,1808.7083833409404,0.0,224500.95446817545
2020-07-06 00:00:00 UTC,1790.425184097373,0.0,359760.23415588605
2020-07-07 00:00:00 UTC,1794.392569586022,0.0,512396.9544022425
2020-07-08 00:00:00 UTC,1774.0861530843895,0.0,404356.6490916041
2020-07-09 00:00:00 UTC,1825.2203109818597,0.0,434061.9741348181
2020-07-10 00:00:00 UTC,1798.0256273433042,0.0,327220.56177771016
2020-07-11 00:00:00 UTC,1807.836082781278,0.0,397784.3419429752
2020-07-12 00:00:00 UTC,1810.427304387877,0.0,164856.8845136371
2020-07-13 00:00:00 UTC,1816.7106465863199,0.0,204015.6720362436
2020-07-14 00:00:00 UTC,1818.1077878590747,0.0,527960.3509839117
2020-07-15 00:00:00 UTC,1812.3031079604064,0.0,485993.206840859
2020-07-16 00:00:00 UTC,1810.025792534749,0.0,309708.84233581903
2020-07-17 00:00:00 UTC,1808.2397715297575,0.0,758886.6093785451
2020-07-18 00:00:00 UTC,1819.4410450784196,0.0,579453.6781768696
2020-07-19 00:00:00 UTC,1811.4833912184154,0.0,360319.9980183222
2020-07-20 00:00:00 UTC,1823.8383494639095,0.0,236053.164452928
2020-07-21 00:00:00 UTC,1813.6915207210377,0.0,385895.43561710895
2020-07-22 00:00:00 UTC,1851.7644871205734,0.0,670503.6315124802
2020-07-23 00:00:00 UTC,1884.7316323266832,0.0,938948.556530205
2020-07-24 00:00:00 UTC,1900.7384216155347,0.0,596212.2489669472
2020-07-25 00:00:00 UTC,1906.0906278049206,0.0,944799.9225348226
2020-07-26 00:00:00 UTC,1903.4124490489125,0.0,630809.5257084549
2020-07-27 00:00:00 UTC,1902.432901934627,0.0,652528.8670013674
2020-07-28 00:00:00 UTC,1950.5813374499635,0.0,1346717.5016508533
2020-07-29 00:00:00 UTC,1975.548040779603,0.0,995829.6044146563
2020-07-30 00:00:00 UTC,1982.729738892461,0.0,878391.7026866431
2020-07-31 00:00:00 UTC,1965.7664531578166,0.0,648003.059945391
2020-08-01 00:00:00 UTC,1994.3325560268388,51639913.41727562,724334.0222194142
2020-08-02 00:00:00 UTC,1984.4050857029981,51436937.691510625,743943.257239286
2020-08-03 00:00:00 UTC,1992.5993193297322,51639961.83109746,1081058.1275898537
2020-08-04 00:00:00 UTC,1984.6289457645466,52162360.64860474,1511907.579325387
2020-08-05 00:00:00 UTC,2031.9016389198423,55054137.266787484,1142525.0940689356
2020-08-06 00:00:00 UTC,2047.2583971680572,56381361.22057092,1065875.353188443
2020-08-07 00:00:00 UTC,2096.2798430139756,58450670.72662632,886526.0959372629
2020-08-08 00:00:00 UTC,2066.6157918565477,57574738.83872922,1181087.4047448852
2020-08-09 00:00:00 UTC,2058.607233307683,57413529.36464109,746108.1886256397
2020-08-10 00:00:00 UTC,2035.770293301136,56908751.09325744,650751.5340282609
2020-08-11 00:00:00 UTC,2042.10866276865,56954205.059020795,884236.4976284582
2020-08-12 00:00:00 UTC,1961.454727485369,55928185.595580176,5245114.156446595
2020-08-13 00:00:00 UTC,1948.3753033015278,55942243.00783732,1707121.7508790654
2020-08-14 00:00:00 UTC,1971.7515125771356,57375537.84637965,1210970.9828885964
2020-08-15 00:00:00 UTC,1973.008762861518,57481304.81443163,1110130.121343696
2020-08-16 00:00:00 UTC,1957.38730750848,56763672.72522856,487367.78446041956
2020-08-17 00:00:00 UTC,1957.7718508192743,56958123.81376301,536885.5442685322
2020-08-18 00:00:00 UTC,1992.427651993133,57948510.34664844,1198756.8435950263
2020-08-19 00:00:00 UTC,2022.0785994950882,58937678.951742485,2807099.775132116
2020-08-20 00:00:00 UTC,1957.464273805622,57001434.70454744,1272391.0964822718
2020-08-21 00:00:00 UTC,1975.375193051445,58267280.17886454,611623.8067308207
2020-08-22 00:00:00 UTC,1958.4625976698878,58456799.321257524,1158648.153301047
2020-08-23 00:00:00 UTC,1957.9304985203978,58560678.62792228,669788.7600676006
2020-08-24 00:00:00 UTC,1952.7844340524057,58437100.195829295,370953.77168616455
2020-08-25 00:00:00 UTC,1952.5663038429102,58400467.623120286,488815.46508810663
2020-08-26 00:00:00 UTC,1963.2067799266163,58840725.02614053,1794503.818028323
2020-08-27 00:00:00 UTC,1957.8594082387099,58568718.88634554,1861979.4773286365
2020-08-28 00:00:00 UTC,1935.6938504527686,58679042.89204134,1428496.9955833259
2020-08-29 00:00:00 UTC,1974.9520838123035,59817071.3203501,1215929.2978625086
2020-08-30 00:00:00 UTC,1969.8581396040922,59575877.79305786,947049.4609635726
2020-08-31 00:00:00 UTC,1982.1673688839044,60057106.518315166,1368291.3793052987
2020-09-01 00:00:00 UTC,1974.310414808458,60070089.60022194,939071.9492554953
2020-09-02 00:00:00 UTC,1977.4628163875602,59984082.25931047,1721710.86692934
2020-09-03 00:00:00 UTC,1956.7292835747724,59272186.55890762,1365134.5828754439
2020-09-04 00:00:00 UTC,1957.309802653309,60116416.64667948,2251779.472398412
2020-09-05 00:00:00 UTC,1944.81904476899,59743343.12543524,2698000.8726002364
2020-09-06 00:00:00 UTC,1956.8394080132352,59961153.81125818,1847333.6602010562
2020-09-07 00:00:00 UTC,1938.060372158779,59545815.56856099,1341497.8083743812
2020-09-08 00:00:00 UTC,1946.6779065429685,59759863.42713779,1187473.8623956775
2020-09-09 00:00:00 UTC,1940.2922628418069,60327210.49129148,861352.4617439943
2020-09-10 00:00:00 UTC,1951.2310007265498,60643623.49389402,690671.4098990167
2020-09-11 00:00:00 UTC,1956.9235553190574,60799485.805261135,748137.2455125392
2020-09-12 00:00:00 UTC,1957.397142712918,61657520.07802726,735603.5278376684
2020-09-13 00:00:00 UTC,1950.9042963983477,61370209.398987554,933055.2918915313
2020-09-14 00:00:00 UTC,1948.1802549066178,61331265.578143165,718863.5504675715
2020-09-15 00:00:00 UTC,1956.7616214662219,61683439.26032564,767334.5089397085
2020-09-16 00:00:00 UTC,1958.4069991135837,61638957.57492542,1302492.5398460077
2020-09-17 00:00:00 UTC,1972.9266252713217,62837922.29108828,1146002.296211456
2020-09-18 00:00:00 UTC,1956.9952272282928,62298046.23080437,926449.3856194525
2020-09-19 00:00:00 UTC,1963.1157080566968,62515732.13713942,1133638.6715367069
2020-09-20 00:00:00 UTC,1966.5766356705865,62616389.488012366,790421.1906390055
2020-09-21 00:00:00 UTC,1969.925173883576,62833104.03898125,650976.979544127
2020-09-22 00:00:00 UTC,1916.2602110324844,61190159.538133636,1387448.103266772
2020-09-23 00:00:00 UTC,1914.351294392749,60936937.42973428,758404.5544847162
2020-09-24 00:00:00 UTC,1869.1176947245617,59642554.41326899,1239264.0185333586
2020-09-25 00:00:00 UTC,1878.7665558063504,60604337.806071445,1070215.0043493365
2020-09-26 00:00:00 UTC,1880.5251140805549,61382106.26844133,828555.050026058
2020-09-27 00:00:00 UTC,1862.257628621935,60754767.15947184,380833.30521255924
2020-09-28 00:00:00 UTC,1862.85314690237,60779830.87967177,291856.52890981006
2020-09-29 00:00:00 UTC,1874.164476499024,60972700.88475956,732642.3299084344
2020-09-30 00:00:00 UTC,1899.7509983277628,62111613.68256132,546069.4755111195
2020-10-01 00:00:00 UTC,1885.3862223855479,61593052.39301442,477617.8712344972
2020-10-02 00:00:00 UTC,1898.7076916796673,61974811.519627444,841492.5171425557
2020-10-03 00:00:00 UTC,1910.3137537136306,63811005.0613701,1195795.885228262
2020-10-04 00:00:00 UTC,1902.9581690548803,63678498.56805888,480212.0061326512
2020-10-05 00:00:00 UTC,1901.1232223059385,63566681.090721205,490207.0271916954
2020-10-06 00:00:00 UTC,1918.1991128005045,64982885.36640312,746427.2870613866
2020-10-07 00:00:00 UTC,1891.1243959730505,63998055.24051351,1110436.1308979432
2020-10-08 00:00:00 UTC,1901.4017893007535,64432738.59510687,912663.2712037703
2020-10-09 00:00:00 UTC,1901.8692086073975,64327113.775612,1010099.9963143917
2020-10-10 00:00:00 UTC,1938.570504271883,67164201.89532813,1103017.549725841
2020-10-11 00:00:00 UTC,1932.5718431987327,67005716.03225826,707510.1085557657
2020-10-12 00:00:00 UTC,1941.4240839780907,67307808.56644553,534390.4276920905
2020-10-13 00:00:00 UTC,1923.0589759468053,66653074.86232378,870180.5974863282
2020-10-14 00:00:00 UTC,1907.0376735843809,66040210.67328156,965431.5575420322
2020-10-15 00:00:00 UTC,1908.9338466001886,66071942.90596522,802323.295182305
2020-10-16 00:00:00 UTC,1922.862555655312,66667213.42381365,503292.47965314914
2020-10-17 00:00:00 UTC,1907.593536550863,66177126.67577849,794807.8401811161
2020-10-18 00:00:00 UTC,1910.6391235429926,66221345.76415163,354840.14175766916
2020-10-19 00:00:00 UTC,1904.5417900325667,65952330.29529224,397640.21182126965
2020-10-20 00:00:00 UTC,1909.329430834144,66150174.77218114,933098.8037855854
2020-10-21 00:00:00 UTC,1916.462805309851,66309076.226278245,752476.6989661882
2020-10-22 00:00:00 UTC,1930.1954985239806,65313489.05690706,3105878.7482012673
2020-10-23 00:00:00 UTC,1909.4003906898524,64728730.862400964,2111333.5105498037
2020-10-24 00:00:00 UTC,1914.803376972185,66584894.76059997,2583764.694736505
2020-10-25 00:00:00 UTC,1924.5768378742011,66638439.22425866,865956.8942162974
2020-10-26 00:00:00 UTC,1916.3596417247445,66385622.473250784,1524624.925604517
2020-10-27 00:00:00 UTC,1910.6763421540848,67664834.64971708,1887140.94370447
2020-10-28 00:00:00 UTC,1914.256852731903,67850122.83285138,2318597.46148832
2020-10-29 00:00:00 UTC,1895.1861845507897,67823575.71819572,2486900.1440553376
2020-10-30 00:00:00 UTC,1873.8973811148146,69485652.36965334,1946686.5715958811
2020-10-31 00:00:00 UTC,1888.7987415740226,70736661.10344963,1768781.2100909052
2020-11-01 00:00:00 UTC,1884.3511901201455,70485598.95105343,1615798.7037358412
2020-11-02 00:00:00 UTC,1888.6849175284544,70747616.76169206,957761.6916826098
2020-11-03 00:00:00 UTC,1908.0469938683032,71600402.77409135,1763241.351893567
2020-11-04 00:00:00 UTC,1923.1137228054026,72833112.96654852,1908886.9433785905
2020-11-05 00:00:00 UTC,1914.7492032163823,72359681.2627574,4000742.7923003123
2020-11-06 00:00:00 UTC,1960.4114331020958,74342706.82312869,3950706.1674379865
2020-11-07 00:00:00 UTC,1953.674877056249,73889820.14228678,3479882.609004307
2020-11-08 00:00:00 UTC,1952.0482442041916,74167561.24009354,2932590.49237728
2020-11-09 00:00:00 UTC,1965.0006894401304,74369990.41213879,3277499.0167334196
2020-11-10 00:00:00 UTC,1882.992734588991,73646074.71968839,5592716.884652403
2020-11-11 00:00:00 UTC,1889.2390493411187,76186112.23591265,2123887.270142583
2020-11-12 00:00:00 UTC,1875.5687473858204,75307755.89917007,2645599.4232162624
2020-11-13 00:00:00 UTC,1890.9123654683,77112022.45204054,2335146.603676607
2020-11-14 00:00:00 UTC,1901.1172743111888,77051662.073351,2037554.7439381077
2020-11-15 00:00:00 UTC,1905.551518485655,77539803.59530157,2915796.88606859
2020-11-16 00:00:00 UTC,1896.2989821982517,77141287.0571199,547189.7672910817
2020-11-17 00:00:00 UTC,1902.3636454377445,77904810.00678663,1334265.7137587604
2020-11-18 00:00:00 UTC,1906.3890452125659,78258747.78887494,1424126.819432048
2020-11-19 00:00:00 UTC,1886.3175916004254,78017099.99515645,2486938.338643736
2020-11-20 00:00:00 UTC,1871.770909336658,75173970.34552264,1367626.6402936608
2020-11-21 00:00:00 UTC,1884.7733667436194,77190166.29155415,1722444.7903446516
2020-11-22 00:00:00 UTC,1878.5568471333027,77058041.57239433,2467814.6761623356
2020-11-23 00:00:00 UTC,1871.5713957777107,76715030.7466745,1507178.0467961133
2020-11-24 00:00:00 UTC,1852.2224307198578,75758128.17346899,2607152.178152867
2020-11-25 00:00:00 UTC,1822.5051534922939,74567355.8342935,3143443.5137744294
2020-11-26 00:00:00 UTC,1827.862216479447,74979735.84136403,1951384.2164636464
2020-11-27 00:00:00 UTC,1825.5786593705268,74591126.34666783,5771659.98659703
2020-11-28 00:00:00 UTC,1812.56231080475,74254208.85914844,2639687.9700383735
2020-11-29 00:00:00 UTC,1800.6081143981976,73766754.68961683,1272583.1093810704
2020-11-30 00:00:00 UTC,1799.9897655693726,73648808.85449532,986928.2772275131
2020-12-01 00:00:00 UTC,1790.6280371161397,74392160.07162546,3463447.027430896
2020-12-02 00:00:00 UTC,1836.2677655544626,76030382.6467774,3599931.7305567875
2020-12-03 00:00:00 UTC,1840.022645895512,76203380.37536585,2297939.8005775516
2020-12-04 00:00:00 UTC,1853.3937960823316,77501275.89136817,1534906.3990963046
2020-12-05 00:00:00 UTC,1838.433663562689,77565863.73301765,1896688.2147915256
2020-12-06 00:00:00 UTC,1847.5790896265776,78115112.48012021,1085401.3131090105
2020-12-07 00:00:00 UTC,1842.4141782315146,77642809.39215451,804183.3358195198
2020-12-08 00:00:00 UTC,1875.7113209181,79204362.86893348,1642846.9360236023
2020-12-09 00:00:00 UTC,1873.7739577906896,79110359.45419535,1853033.9131344978
2020-12-10 00:00:00 UTC,1848.677628024542,77984926.28513603,1778530.7572611244
2020-12-11 00:00:00 UTC,1845.288349463393,78676177.16641098,1148801.5080477176
2020-12-12 00:00:00 UTC,1844.346746740328,78665259.93801746,1366643.919866259
2020-12-13 00:00:00 UTC,1848.1152558350614,78742577.56102562,793875.7011775322
2020-12-14 00:00:00 UTC,1847.4701503018646,78654866.47223485,761652.301392196
2020-12-15 00:00:00 UTC,1839.2683003912139,78360173.66596496,833909.0441273473
2020-12-16 00:00:00 UTC,1855.390322238542,79060314.73479994,964235.6042426169
2020-12-17 00:00:00 UTC,1865.0041922331823,79439965.69749951,2198340.12740669
2020-12-18 00:00:00 UTC,1906.8070712416866,81414760.04942821,3122428.266904977
2020-12-19 00:00:00 UTC,1902.5101796837566,81548849.81522368,2061949.0530362653
2020-12-20 00:00:00 UTC,1893.5123209066278,81320727.24201638,1438508.165974834
2020-12-21 00:00:00 UTC,1898.4670006698589,81829107.12369664,1435706.8853929606
2020-12-22 00:00:00 UTC,1891.7224865375806,81192343.28495087,2948478.9611317655
2020-12-23 00:00:00 UTC,1891.7631841844457,70317060.87740086,2540781.5268695564
2020-12-24 00:00:00 UTC,1889.5452709316485,71425206.65570761,1894677.2879646497
2020-12-25 00:00:00 UTC,1896.8538591552315,71792396.52709195,1736811.014720594
2020-12-26 00:00:00 UTC,1900.8922787013164,71980130.27006459,1348608.9714610472
2020-12-27 00:00:00 UTC,1914.036600353863,72483283.18749928,1680490.836247064
2020-12-28 00:00:00 UTC,1933.178880544643,73045226.78816253,3499283.5105779236
2020-12-29 00:00:00 UTC,1914.8639174405434,72484531.99851054,4301889.0164700365
2020-12-30 00:00:00 UTC,1912.1195146547366,73662080.37643723,2376374.7662615245
2020-12-31 00:00:00 UTC,1920.9337807247616,74956789.41300134,2672521.5594201316
2021-01-01 00:00:00 UTC,1937.216614335911,76180937.01019228,2598930.550195617
2021-01-02 00:00:00 UTC,1937.8544551540404,76244495.85593203,1250064.8673584503
2021-01-03 00:00:00 UTC,1973.137927062625,77786578.0731475,4948667.126543633
2021-01-04 00:00:00 UTC,1958.7306353749893,77581177.15490763,3404488.914447995
2021-01-05 00:00:00 UTC,1970.3388309079908,77808890.99179392,7304320.808718675
2021-01-06 00:00:00 UTC,2017.644166321676,86993774.74159607,8406743.787947195
2021-01-07 00:00:00 UTC,1974.6263664757498,89738814.8801986,8287536.522961045
2021-01-08 00:00:00 UTC,1959.3156503498487,93309168.89561507,9019598.581185615
2021-01-09 00:00:00 UTC,1878.7145702555022,92834513.31920613,11118354.450987747
2021-01-10 00:00:00 UTC,1892.702025707124,93668549.31228477,4838695.81943406
2021-01-11 00:00:00 UTC,1881.1295359445896,93246804.03234008,6929524.556119497
2021-01-12 00:00:00 UTC,1868.27581931336,97461858.81522813,14589884.328071853
2021-01-13 00:00:00 UTC,1868.8264679394274,97701014.04730013,5982554.917482156
2021-01-14 00:00:00 UTC,1863.2704325923935,98721597.917841,4796792.345062055
2021-01-15 00:00:00 UTC,1872.530614423195,99066742.90351889,4643899.912092932
2021-01-16 00:00:00 UTC,1847.6963726891372,100872081.96962424,4657477.681090569
2021-01-17 00:00:00 UTC,1851.4720331321453,100914882.01541094,3368122.642199073
2021-01-18 00:00:00 UTC,1837.269661148907,100342354.80571789,3121076.0823445017
2021-01-19 00:00:00 UTC,1854.938338377236,101216291.99147384,3396430.241701137
2021-01-20 00:00:00 UTC,1849.455615188858,104747941.42204632,6255041.296190366
2021-01-21 00:00:00 UTC,1890.5357616045683,108442944.94395597,6824876.041453819
2021-01-22 00:00:00 UTC,1883.9791794192117,111381588.84087229,9892464.549082117
2021-01-23 00:00:00 UTC,1866.6857102395668,111957644.91857271,7293930.584576196
2021-01-24 00:00:00 UTC,1867.5197527907412,111530136.20720004,2497949.8918873835
2021-01-25 00:00:00 UTC,1864.2045717434282,111413968.95143078,2341050.1059422605
2021-01-26 00:00:00 UTC,1862.4941162262905,112192217.01217207,3431827.9470843277
2021-01-27 00:00:00 UTC,1867.168632651588,112450194.58642136,3075928.3619114365
2021-01-28 00:00:00 UTC,1852.3647751221004,111412006.90104121,3562285.8953746227
2021-01-29 00:00:00 UTC,1851.7249535321769,111728894.54673082,2579881.161050164
2021-01-30 00:00:00 UTC,1865.66569684317,112148625.24930412,5942992.589889879
2021-01-31 00:00:00 UTC,1863.3512779833297,112098195.0868884,2772198.70393201
2021-02-01 00:00:00 UTC,1877.2286535520766,112787098.22014427,2890710.8948922134
2021-02-02 00:00:00 UTC,1863.1888539240413,114334183.22221865,5180948.615258214
2021-02-03 00:00:00 UTC,1848.7333731996462,115267672.68175457,4427108.339559123
2021-02-04 00:00:00 UTC,1848.296207499503,114989226.55441727,3750521.2353292834
2021-02-05 00:00:00 UTC,1808.6066356360907,113382113.68069437,8912839.997345448
2021-02-06 00:00:00 UTC,1833.6019784697166,114692853.40857494,6744058.21131348
2021-02-07 00:00:00 UTC,1834.489019299385,114850952.80392507,5577095.093461319
2021-02-08 00:00:00 UTC,1838.9319329224206,115431092.63746531,5999444.423050248
2021-02-09 00:00:00 UTC,1850.4089243515086,119157281.67082435,11517082.047500452
2021-02-10 00:00:00 UTC,1855.1148831803048,122935628.99160789,13653152.01523188
2021-02-11 00:00:00 UTC,1852.4545389464183,124145777.47783892,10475435.046826797
2021-02-12 00:00:00 UTC,1832.6208062516714,125945136.55072424,5964106.821150931
2021-02-13 00:00:00 UTC,1840.9186035197622,125767835.30471665,7216942.097053059
2021-02-14 00:00:00 UTC,1844.949500750949,126750071.61127232,4370886.088746864
2021-02-15 00:00:00 UTC,1840.5836684898268,126150146.1956554,4605666.807426009
2021-02-16 00:00:00 UTC,1831.3109449488634,125483580.18630312,6496378.008541099
2021-02-17 00:00:00 UTC,1819.4925893461068,126777838.2190261,6130807.703612868
2021-02-18 00:00:00 UTC,1797.3342556147536,127519429.92265095,8951346.997107314
2021-02-19 00:00:00 UTC,1801.7737696918703,132268434.73282298,7564502.32000329
2021-02-20 00:00:00 UTC,1809.2930138917407,134834468.1058508,13126445.077122655
2021-02-21 00:00:00 UTC,1824.3562061940331,135850304.95480928,10959353.076955138
2021-02-22 00:00:00 UTC,1824.4819993128592,135714770.42505312,6519440.330930115
2021-02-23 00:00:00 UTC,1834.7348008205984,128786969.68168879,16637955.319998955
2021-02-24 00:00:00 UTC,1826.1451045320073,127229405.26759386,39462566.50885552
2021-02-25 00:00:00 UTC,1826.248028790115,130532036.31939203,15559276.374968687
2021-02-26 00:00:00 UTC,1765.010006282671,125675432.84655942,11236338.931229254
2021-02-27 00:00:00 UTC,1753.4360722428569,125039693.68381475,16610028.073357796
2021-02-28 00:00:00 UTC,1772.7188296891964,125175697.65363534,7076981.392375991
2021-03-01 00:00:00 UTC,1737.217703351754,123341882.64108329,12077728.205686385
2021-03-02 00:00:00 UTC,1737.7074154652864,123212981.47039284,10469542.638283232
2021-03-03 00:00:00 UTC,1757.0451302970212,124792107.77529144,8231906.66783482
2021-03-04 00:00:00 UTC,1720.136368013699,123600700.23119627,6614161.7061044
2021-03-05 00:00:00 UTC,1721.4605007463215,124828161.37436116,8311289.963468559
2021-03-06 00:00:00 UTC,1716.775683466265,124338808.99547534,7291000.567080053
2021-03-07 00:00:00 UTC,1717.2412264313696,124692739.71690738,3477360.823550343
2021-03-08 00:00:00 UTC,1726.9664973036133,125101144.47417194,3780309.0110576474
2021-03-09 00:00:00 UTC,1706.4559289316037,124802728.9053474,8878330.74104
2021-03-10 00:00:00 UTC,1734.808275993314,138385788.7183964,7526619.947763244
2021-03-11 00:00:00 UTC,1738.2937876342,140503942.17757493,6013590.604656124
2021-03-12 00:00:00 UTC,1740.115546981039,140955862.35352436,6376331.218402058
2021-03-13 00:00:00 UTC,1742.0864335779183,141334378.5926401,5021708.505276083
2021-03-14 00:00:00 UTC,1747.0052564124364,141877543.9500454,4467620.722047897
2021-03-15 00:00:00 UTC,1729.0416165015997,140287824.5464293,3211215.92803323
2021-03-16 00:00:00 UTC,1731.9106188557025,141503323.23092386,7860258.726487418
2021-03-17 00:00:00 UTC,1748.5071748856303,144617000.26854897,7682862.541656447
2021-03-18 00:00:00 UTC,1768.8538757061299,148575270.45941547,5836247.173083514
2021-03-19 00:00:00 UTC,1747.762571478878,105262333.9707309,5220575.954922758
2021-03-20 00:00:00 UTC,1759.3706427296295,106062463.38809341,2720586.31256064
2021-03-21 00:00:00 UTC,1762.8195647714836,106054462.01505642,3790888.513364773
2021-03-22 00:00:00 UTC,1751.7189092044623,105399835.553745,5261337.952934607
2021-03-23 00:00:00 UTC,1743.8455956315631,105468730.58989207,5569806.213015596
2021-03-24 00:00:00 UTC,1737.8725181334605,104532384.5203416,5884142.7818065155
2021-03-25 00:00:00 UTC,1734.3406014328796,104700673.27295373,5280474.998735116
2021-03-26 00:00:00 UTC,1724.4861569147768,103651778.14026171,8322387.350147554
2021-03-27 00:00:00 UTC,1744.9511405038895,104815787.16597928,5467615.241389088
2021-03-28 00:00:00 UTC,1733.1270291700757,104383850.82393894,3942642.168514265
2021-03-29 00:00:00 UTC,1749.648716212106,105088758.1216968,8246817.678710985
2021-03-30 00:00:00 UTC,1725.648180543161,103953568.0855042,6817782.1353695765
2021-03-31 00:00:00 UTC,1699.7321320006167,102174260.3372529,6803770.556205766
2021-04-01 00:00:00 UTC,1714.1532308748408,103261744.67747222,5350865.909352463
2021-04-02 00:00:00 UTC,1742.8808693014887,104932245.81915866,4846030.456727794
2021-04-03 00:00:00 UTC,1736.4062671256202,104685420.00979939,4750811.245845628
2021-04-04 00:00:00 UTC,1729.2705886495253,104277366.82755561,4372552.863688744
2021-04-05 00:00:00 UTC,1748.3729901664678,105180578.73435386,6075163.356653653
2021-04-06 00:00:00 UTC,1745.45136254674,104946698.50091548,5583597.360133898
2021-04-07 00:00:00 UTC,1754.5519789184868,105623458.74042289,6614633.423588404
2021-04-08 00:00:00 UTC,1749.7911087474545,105271781.42285903,8986491.066162229
2021-04-09 00:00:00 UTC,1773.6820357436018,106594701.91682082,8046247.94568028
2021-04-10 00:00:00 UTC,1754.6975297998547,105547838.02583803,7364773.382817543
2021-04-11 00:00:00 UTC,1761.8516986145119,105997246.86504567,6341631.595641022
2021-04-12 00:00:00 UTC,1757.1547531863755,105892691.79877746,3848343.0235663275
2021-04-13 00:00:00 UTC,1746.2494370303402,104983035.51798697,6707806.288668046
2021-04-14 00:00:00 UTC,1755.9575792731682,105505398.15214865,10610264.188556688
2021-04-15 00:00:00 UTC,1747.3502778095674,105306487.8440921,7869485.891676198
2021-04-16 00:00:00 UTC,1775.3102703147872,106760689.2752008,9188861.766259072
2021-04-17 00:00:00 UTC,1790.254645446851,107752913.496199,10567650.614825945
2021-04-18 00:00:00 UTC,1798.8704299741073,108233354.16218568,6290040.31773684
2021-04-19 00:00:00 UTC,1804.0321736458293,108742586.40348183,23405953.431541067
2021-04-20 00:00:00 UTC,1782.61295827763,107363268.88308597,16850074.569574513
2021-04-21 00:00:00 UTC,1791.3162751263235,108053704.46068168,17708505.455447562
2021-04-22 00:00:00 UTC,1819.7960868958105,109706854.16882125,15240063.859376878
2021-04-23 00:00:00 UTC,1803.3990869137392,108694175.55820547,26599471.420505345
2021-04-24 00:00:00 UTC,1805.5638356666996,108623818.12213424,34144310.00606218
2021-04-25 00:00:00 UTC,1787.2668087776765,107815047.67055625,9872368.351306226
2021-04-26 00:00:00 UTC,1782.7710794032714,107350815.00711638,10529918.865237994
2021-04-27 00:00:00 UTC,1795.0930327648512,107971448.50082399,17731380.586645287
2021-04-28 00:00:00 UTC,1785.6853749500597,107367205.41078794,8994921.648022635
2021-04-29 00:00:00 UTC,1800.327668161942,108292034.91621494,8255271.864883629
2021-04-30 00:00:00 UTC,1788.010288774027,107610507.28125559,9748424.339163663
2021-05-01 00:00:00 UTC,1788.2715101308936,107881413.01515827,10062869.95673579
2021-05-02 00:00:00 UTC,1790.584166754376,107803130.2417088,4727668.211346715
2021-05-03 00:00:00 UTC,1787.5223195262388,107515408.42543527,3566900.8984144926
2021-05-04 00:00:00 UTC,1803.4774056904357,108584827.62167701,9997416.347961655
2021-05-05 00:00:00 UTC,1779.9075383437187,107345975.33436792,17203500.80154128
2021-05-06 00:00:00 UTC,1801.2560451640402,108277076.91098472,8602153.617742874
2021-05-07 00:00:00 UTC,1836.647243288285,187333577.69227907,11479579.57694388
2021-05-08 00:00:00 UTC,1862.1190770783858,189923700.5863809,12795189.267919673
2021-05-09 00:00:00 UTC,1863.2496770530872,189830413.64638376,11626926.108635439
2021-05-10 00:00:00 UTC,1864.3613921029387,190590695.85173136,18365914.248672623
2021-05-11 00:00:00 UTC,1875.022881331831,193103298.52381492,23105767.74541412
2021-05-12 00:00:00 UTC,1860.3159285322208,197866253.56490076,27170876.67108087
2021-05-13 00:00:00 UTC,1777.929385826671,196500637.7132015,16720989.262453638
2021-05-14 00:00:00 UTC,1866.4242234552592,204893734.50526088,32200247.14829567
2021-05-15 00:00:00 UTC,1871.977891596145,209754088.65194198,16930232.557004187
2021-05-16 00:00:00 UTC,1875.388025966683,209987675.9429008,21289567.305391096
2021-05-17 00:00:00 UTC,1953.5501091114043,218575907.06638953,36459522.33009736
2021-05-18 00:00:00 UTC,1925.6516935750385,229721844.14165407,66364683.31306455
2021-05-19 00:00:00 UTC,1880.2843178182766,238935295.90142283,36743003.57513402
2021-05-20 00:00:00 UTC,1861.7851843951316,243146107.0282049,88015787.5887359
2021-05-21 00:00:00 UTC,1858.4214250925208,243960911.90722078,51943306.06149594
2021-05-22 00:00:00 UTC,1904.8650515651855,236107753.4590414,44401034.078083605
2021-05-23 00:00:00 UTC,1893.0447746774155,236050165.62951595,24595531.21545294
2021-05-24 00:00:00 UTC,1901.603603114339,236848582.61415052,44852503.33311692
2021-05-25 00:00:00 UTC,1884.1661969421755,241036314.95960006,36122758.52098224
2021-05-26 00:00:00 UTC,1906.8790675754576,242900588.39336133,33537001.089367487
2021-05-27 00:00:00 UTC,1916.4059526914014,249668369.9089571,17981680.18779561
2021-05-28 00:00:00 UTC,1905.6781908944495,249823613.25806916,15557352.95243148
2021-05-29 00:00:00 UTC,1918.9371923134177,255093245.43304208,27544900.948670626
2021-05-30 00:00:00 UTC,1942.7437706802452,258743529.59638345,21728505.025200978
2021-05-31 00:00:00 UTC,1916.8203321703868,254372640.56166303,15463005.464354422
2021-06-01 00:00:00 UTC,1920.759387560082,254889153.75051036,19569284.80979091
2021-06-02 00:00:00 UTC,1925.4044967290672,264415158.75682238,20987048.74619912
2021-06-03 00:00:00 UTC,1920.0568914040005,264757351.79563394,12131117.868424488
2021-06-04 00:00:00 UTC,1889.084063281814,260749686.19729847,14473553.45840407
2021-06-05 00:00:00 UTC,1897.1026932595657,261875173.1449831,14006809.329364117
2021-06-06 00:00:00 UTC,1907.3274915691236,262982685.05321684,12479668.225021057
2021-06-07 00:00:00 UTC,1908.1330354590157,263345677.99960566,8101610.676799593
2021-06-08 00:00:00 UTC,1884.6378144391058,274036333.60009855,14263667.312261334
2021-06-09 00:00:00 UTC,1897.3110894134682,275820212.49472964,25614625.85862346
2021-06-10 00:00:00 UTC,1905.8874878968093,277153533.345996,18061908.986615263
2021-06-11 00:00:00 UTC,1900.5952505226542,273350774.7501088,19256918.407269195
2021-06-12 00:00:00 UTC,1893.3398166461718,278457069.54161876,13875023.344849665
2021-06-13 00:00:00 UTC,1892.397813711543,279140677.2740882,9964210.846738018
2021-06-14 00:00:00 UTC,1889.4280366656435,276869454.351076,11496871.56546784
2021-06-15 00:00:00 UTC,1876.5080358850912,277126519.95825285,13292389.498744505
2021-06-16 00:00:00 UTC,1863.121603861053,276158651.4744559,7139973.420204359
2021-06-17 00:00:00 UTC,1824.9553744522145,270735300.3168096,11926473.44577363
2021-06-18 00:00:00 UTC,1799.79641102671,267019974.9593725,16037947.601027897
2021-06-19 00:00:00 UTC,1773.1005659361638,264966027.4477849,16959915.140521083
2021-06-20 00:00:00 UTC,1771.0481342927321,264599957.311055,6304032.852567946
2021-06-21 00:00:00 UTC,1786.7443231618754,266729868.01737195,9736770.832362186
2021-06-22 00:00:00 UTC,1795.4593099356557,278480081.08487046,30583663.59635616
2021-06-23 00:00:00 UTC,1786.4109433501721,282647586.4976849,28973528.390827164
2021-06-24 00:00:00 UTC,1785.1375788133455,282301690.2006289,12836668.458301457
2021-06-25 00:00:00 UTC,1782.0358158434801,281456393.78056306,9696044.214371897
2021-06-26 00:00:00 UTC,1788.413359957693,283883136.8133364,13992832.079086795
2021-06-27 00:00:00 UTC,1791.327926827164,283352514.974905,8114967.38558989
2021-06-28 00:00:00 UTC,1789.7624693741784,283609932.396386,8418144.582131613
2021-06-29 00:00:00 UTC,1793.2828024286098,286610197.02705026,13363707.029831955
2021-06-30 00:00:00 UTC,1768.5706859196898,283191864.77284706,13296689.847883329
2021-07-01 00:00:00 UTC,1783.632738282347,285729150.2050229,14440031.101196837
2021-07-02 00:00:00 UTC,1781.710648754859,286130572.19171214,8419198.64946041
2021-07-03 00:00:00 UTC,1799.3594888817397,288516910.84849685,8141529.141393088
2021-07-04 00:00:00 UTC,1796.7197245455145,288422266.32370746,4309137.533380841
2021-07-05 00:00:00 UTC,1795.961684181026,288222830.67118365,5153252.037920036
2021-07-06 00:00:00 UTC,1795.4301183767705,288257125.7792873,11431740.674302135
2021-07-07 00:00:00 UTC,1803.4181663905697,289467709.16272676,9584920.0404097
2021-07-08 00:00:00 UTC,1805.4034786149823,289808391.3078382,7117736.791618902
2021-07-09 00:00:00 UTC,1816.074119023394,291521998.1531291,21090849.74648477
2021-07-10 00:00:00 UTC,1819.8964960454011,291592489.70692015,6379661.558580541
2021-07-11 00:00:00 UTC,1815.5004122672333,291480979.71686035,4963555.260359654
2021-07-12 00:00:00 UTC,1814.3248588581505,291292910.5137873,3899105.5126534523
2021-07-13 00:00:00 UTC,1816.7579918861973,295061701.428719,6411256.512682428
2021-07-14 00:00:00 UTC,1811.0292268644891,299925117.42470837,5798042.6100672195
2021-07-15 00:00:00 UTC,1835.5982715232217,304048682.2100505,15130687.519621287
2021-07-16 00:00:00 UTC,1835.1534186045208,305866548.95479196,11888578.291072888
2021-07-17 00:00:00 UTC,1812.0964848895526,304067544.2062498,11892310.637630094
2021-07-18 00:00:00 UTC,1815.379072200503,305234226.0827615,4592924.972740626
2021-07-19 00:00:00 UTC,1824.9200906257258,306009915.96636814,4701904.863378887
2021-07-20 00:00:00 UTC,1822.9550153862422,308088203.91258967,9013858.448499937
2021-07-21 00:00:00 UTC,1819.0600966013192,307237652.1831113,21064364.659115504
2021-07-22 00:00:00 UTC,1822.8135167900425,306959075.1111392,13232619.311851272
2021-07-23 00:00:00 UTC,1814.7243727823336,306698298.5978317,6365832.027895181
2021-07-24 00:00:00 UTC,1815.2944250071155,307557115.92583346,9132622.973058738
2021-07-25 00:00:00 UTC,1815.0529996818725,306789385.3085642,5352508.37547259
2021-07-26 00:00:00 UTC,1827.4702983033246,308272108.25931895,3867243.3257705676
2021-07-27 00:00:00 UTC,1795.477685412353,304778383.59873664,17658623.669357043
2021-07-28 00:00:00 UTC,1807.479162658392,304894589.5057346,7942471.369209887
2021-07-29 00:00:00 UTC,1817.1077494857057,304947828.5353455,8160691.355050797
2021-07-30 00:00:00 UTC,1830.5217807663132,307907953.8472283,6885755.346691392
2021-07-31 00:00:00 UTC,1828.266850105124,307815755.43031335,9601038.457704075
2021-08-01 00:00:00 UTC,1817.792013855412,305178665.4727317,4776409.958790144
2021-08-02 00:00:00 UTC,1805.4081601943167,302894992.1981415,6090175.766085174
2021-08-03 00:00:00 UTC,1817.7858655441598,304903134.7189513,6249524.226103471
2021-08-04 00:00:00 UTC,1818.8804953339115,305298653.6584569,4937714.431611271
2021-08-05 00:00:00 UTC,1816.6268914792524,304703965.65476954,7227781.44326173
2021-08-06 00:00:00 UTC,1807.8623222866286,303786147.84503376,7421909.4748970885
2021-08-07 00:00:00 UTC,1770.93465492004,297204363.57552373,15141653.1619753
2021-08-08 00:00:00 UTC,1777.2473215271764,298963007.2686697,9779657.109014675
2021-08-09 00:00:00 UTC,1727.06955907808,289340666.49963915,15576426.86304128
2021-08-10 00:00:00 UTC,1742.350978126531,297110550.0320617,14437609.319670336
2021-08-11 00:00:00 UTC,1742.6958918796588,302538704.42186666,7926713.922179254
2021-08-12 00:00:00 UTC,1758.3083247717543,305289142.8024511,7766359.365141169
2021-08-13 00:00:00 UTC,1763.2487128691228,307596066.1873989,10655261.009430174
2021-08-14 00:00:00 UTC,1783.5930189675576,317325382.3425712,9825648.104287788
2021-08-15 00:00:00 UTC,1777.409055738722,316050639.54338086,5213520.011000702
2021-08-16 00:00:00 UTC,1779.7081265957906,316398585.38105726,4938199.26300696
2021-08-17 00:00:00 UTC,1789.1940743722591,318408261.4628531,6365468.095215557
2021-08-18 00:00:00 UTC,1783.854412082912,323756351.75862724,8945155.706202235
2021-08-19 00:00:00 UTC,1790.3402104258837,325257187.92952555,9498732.139344258
2021-08-20 00:00:00 UTC,1786.013834915484,324302183.86640173,6328260.521533595
2021-08-21 00:00:00 UTC,1787.3600105488715,322923036.83649594,6125054.644139553
2021-08-22 00:00:00 UTC,1785.700521645203,323168251.276601,4227057.02569038
2021-08-23 00:00:00 UTC,1782.5782643232822,322968436.3318402,3456048.2857896276
2021-08-24 00:00:00 UTC,1804.1182223568264,326701301.06318194,6509550.747997329
2021-08-25 00:00:00 UTC,1804.056265937615,326305319.28205687,3856415.734149706
2021-08-26 00:00:00 UTC,1798.5949921975516,325462523.8433549,4429286.624600705
2021-08-27 00:00:00 UTC,1804.7085255509794,325805408.04451317,8713142.616007123
2021-08-28 00:00:00 UTC,1824.5020950861322,329414879.0951351,9204015.254085772
2021-08-29 00:00:00 UTC,1825.15010565049,329584166.10594505,2269285.972993236
2021-08-30 00:00:00 UTC,1820.7762906611692,328679330.86867756,3241452.798221193
2021-08-31 00:00:00 UTC,1818.6840623423689,327353166.3895324,4928914.8612868665
2021-09-01 00:00:00 UTC,1821.1366204025417,329590148.94127196,7073507.196465111
2021-09-02 00:00:00 UTC,1821.8877252800123,329619845.63762516,7042192.3971659485
2021-09-03 00:00:00 UTC,1816.0123809738946,329127121.66047186,5839618.436332076
2021-09-04 00:00:00 UTC,1835.19816733793,331796669.47151023,17748400.633689772
2021-09-05 00:00:00 UTC,1829.1189477682108,331831924.0276802,3850299.3566298373
2021-09-06 00:00:00 UTC,1829.070126013085,331603389.78517026,4950120.006971936
2021-09-07 00:00:00 UTC,1832.9911826642372,332623929.5132044,11897846.101316383
2021-09-08 00:00:00 UTC,1798.211877025018,311660636.6379491,17530016.24083435
2021-09-09 00:00:00 UTC,1793.5485832482539,307862339.0249814,10493366.72119321
2021-09-10 00:00:00 UTC,1797.9619797769053,309741833.9034289,8200770.282617119
2021-09-11 00:00:00 UTC,1798.824990544536,309469180.0377138,10689761.599748673
2021-09-12 00:00:00 UTC,1803.286771133465,309985727.60833484,5396883.77542722
2021-09-13 00:00:00 UTC,1796.3651002937015,309705895.390416,9465727.198067954
2021-09-14 00:00:00 UTC,1804.5866633213004,311336989.42678165,13608164.106184108
2021-09-15 00:00:00 UTC,1812.1105102604483,312551654.8858589,10206132.663111897
2021-09-16 00:00:00 UTC,1801.8423228185434,312126335.0448663,7796933.394207918
2021-09-17 00:00:00 UTC,1768.9445621855514,306537323.6987425,10153127.348789053
2021-09-18 00:00:00 UTC,1773.497213917486,313784897.3429122,7227144.963064709
2021-09-19 00:00:00 UTC,1771.8882032439176,313355924.05921227,5126441.254716797
2021-09-20 00:00:00 UTC,1771.6184390065853,313326197.0149267,3380382.5803076834
2021-09-21 00:00:00 UTC,1769.1847109192645,312536312.6862226,20993689.757722393
2021-09-22 00:00:00 UTC,1773.9039636802243,314351335.12795645,19549948.43444304
2021-09-23 00:00:00 UTC,1772.9858856377193,315008735.9793498,12845240.369013831
2021-09-24 00:00:00 UTC,1761.2533688667777,312980195.82868147,10421936.736346986
2021-09-25 00:00:00 UTC,1762.8428867523583,313389314.1251306,10713801.309495483
2021-09-26 00:00:00 UTC,1763.622761485464,314269574.0501122,4208474.363360346
2021-09-27 00:00:00 UTC,1760.47037456608,313497952.42313474,7176300.032267009
2021-09-28 00:00:00 UTC,1753.2010166287255,313354953.9664931,6429335.997139831
2021-09-29 00:00:00 UTC,1739.6116962594294,310287991.6668161,5611155.206258113
2021-09-30 00:00:00 UTC,1745.7735105084125,310716982.8220956,5993032.566605783
2021-10-01 00:00:00 UTC,1766.5987023858252,319557906.7864455,8492162.737687798
2021-10-02 00:00:00 UTC,1768.6332687965269,320206082.96694714,7970686.678055333
2021-10-03 00:00:00 UTC,1757.1627448212537,317907892.85808134,3012888.1425943975
2021-10-04 00:00:00 UTC,1775.2969326368068,321282163.993503,3442127.0371537274
2021-10-05 00:00:00 UTC,1779.5572586924561,321937544.5563314,8285290.258138092
2021-10-06 00:00:00 UTC,1767.6875152448413,319732216.9346889,4576424.407140441
2021-10-07 00:00:00 UTC,1765.84560382771,319587892.2898007,9190167.32239374
2021-10-08 00:00:00 UTC,1762.4324539487598,318784089.17649615,5189408.439659982
2021-10-09 00:00:00 UTC,1761.380352512586,319368053.622035,6702807.993526323
2021-10-10 00:00:00 UTC,1763.2666198706713,318785491.4183069,2957080.298804124
2021-10-11 00:00:00 UTC,1759.684362706366,317634569.38460994,3161951.7982083773
2021-10-12 00:00:00 UTC,1768.4948494478037,319173530.84101707,7120296.156622403
2021-10-13 00:00:00 UTC,1768.1298397467797,320035641.91794413,6057809.960060077
2021-10-14 00:00:00 UTC,1800.0514012717056,325794306.46590596,6506685.732065012
2021-10-15 00:00:00 UTC,1802.4175688860107,326121191.24681836,4485476.42322418
2021-10-16 00:00:00 UTC,1776.5379856664144,322167933.0059433,8398944.697111338
2021-10-17 00:00:00 UTC,1778.4256985660845,320371270.6680866,5876437.490167884
2021-10-18 00:00:00 UTC,1778.2427832371811,321315198.63253313,5106011.66174404
2021-10-19 00:00:00 UTC,1769.350286917977,321325944.2058186,5717162.269071655
2021-10-20 00:00:00 UTC,1783.8778103857708,322996312.0395042,5308622.061200534
2021-10-21 00:00:00 UTC,1784.6948461007637,323087387.5956676,8805891.028740233
2021-10-22 00:00:00 UTC,1786.7818529886806,320433789.55180466,7293716.211058367
2021-10-23 00:00:00 UTC,1805.485196288876,323742109.37802744,6503326.6020991355
2021-10-24 00:00:00 UTC,1808.3236097809904,324293453.12099105,2742296.781370336
2021-10-25 00:00:00 UTC,1808.6826666323777,324034742.8792624,3301989.52757751
2021-10-26 00:00:00 UTC,1817.2602894480424,324339894.1051597,4204658.449196624
2021-10-27 00:00:00 UTC,1801.1474412407388,320152836.7840663,5919205.843743235
2021-10-28 00:00:00 UTC,1803.9804777525242,321998312.47685385,7488732.92623727
2021-10-29 00:00:00 UTC,1810.0885603715096,322510243.4674835,7457956.397513807
2021-10-30 00:00:00 UTC,1787.1979094176022,318805858.5699,7196239.488177298
2021-10-31 00:00:00 UTC,1791.078316496632,319726688.0027711,5030684.367357089
2021-11-01 00:00:00 UTC,1782.5188053029399,318516642.11937827,5194919.611779618
2021-11-02 00:00:00 UTC,1794.4305641029416,321044437.76957494,4090364.672895752
2021-11-03 00:00:00 UTC,1792.837542649852,321368148.255059,6065384.776267691
2021-11-04 00:00:00 UTC,1778.0094329899998,315862703.08642805,10149109.240112165
2021-11-05 00:00:00 UTC,1798.4478242454647,321807120.5570127,5274212.718517298
2021-11-06 00:00:00 UTC,1821.6280723339432,327848037.7591031,7190369.72264745
2021-11-07 00:00:00 UTC,1821.1860206828287,327736550.91297823,4329458.775700502
2021-11-08 00:00:00 UTC,1825.6198197551562,328544676.8457323,4331846.128411958
2021-11-09 00:00:00 UTC,1829.0007120203281,330598154.989369,6804026.337624661
2021-11-10 00:00:00 UTC,1832.4662081952915,331921742.4749118,11490542.139188908
2021-11-11 00:00:00 UTC,1858.6878062185958,335666231.0399999,13352746.98725717
2021-11-12 00:00:00 UTC,1868.0250895665506,337295057.1940738,8247602.425060756
2021-11-13 00:00:00 UTC,1881.8867949807586,325837751.8213862,8486605.948655747
2021-11-14 00:00:00 UTC,1880.6383217301882,326351691.52049875,3907865.034648661
2021-11-15 00:00:00 UTC,1890.524743577606,326631656.3572398,3323311.731017736
2021-11-16 00:00:00 UTC,1874.98654040354,320317711.2233568,6882607.5667883055
2021-11-17 00:00:00 UTC,1860.62985438178,320352377.2038533,15742942.593049834
2021-11-18 00:00:00 UTC,1881.5115384683031,325404089.0391984,10260310.674340978
2021-11-19 00:00:00 UTC,1860.619959032108,323744760.73848677,11120144.912409352
2021-11-20 00:00:00 UTC,1858.0680432038682,322300277.2231698,9701752.054436639
2021-11-21 00:00:00 UTC,1853.2848834418041,322521655.35115874,4919882.858787245
2021-11-22 00:00:00 UTC,1847.5810326193587,321467007.610567,5422495.200731233
2021-11-23 00:00:00 UTC,1811.6660839569047,315274320.3382405,10833015.86607329
2021-11-24 00:00:00 UTC,1797.656831088931,312623007.57209694,10600688.058871401
2021-11-25 00:00:00 UTC,1793.072705243455,314716054.6402465,5061456.023780986
2021-11-26 00:00:00 UTC,1794.7365143885365,315074686.7267203,5224156.719068388
2021-11-27 00:00:00 UTC,1790.09874345383,315782812.20942503,18563352.313706405
2021-11-28 00:00:00 UTC,1793.748978903922,316747586.86334515,4728374.638598247
2021-11-29 00:00:00 UTC,1789.5052997530636,316237237.55205464,6099521.301239437
2021-11-30 00:00:00 UTC,1790.430397829679,320972396.2723433,5501735.910360142
2021-12-01 00:00:00 UTC,1774.0922892088217,318394685.54026717,9568752.440084921
2021-12-02 00:00:00 UTC,1784.9334882488552,319713680.3171526,7696004.8215583395
2021-12-03 00:00:00 UTC,1770.022604004977,317418254.4355876,8205633.617505267
2021-12-04 00:00:00 UTC,1787.3842899083966,319999477.0494563,12300160.713311655
2021-12-05 00:00:00 UTC,1782.5805188974064,318839320.5694203,25729480.417420864
2021-12-06 00:00:00 UTC,1783.9751429970581,319268188.11930215,11176684.19676362
2021-12-07 00:00:00 UTC,1781.474619789924,319147034.6313636,12515010.55796588
2021-12-08 00:00:00 UTC,1788.838832039014,320453572.1037989,6304637.508341285
2021-12-09 00:00:00 UTC,1785.4464959951886,320606239.8034138,5926359.370941841
2021-12-10 00:00:00 UTC,1774.0265147316354,319121375.57762045,8825845.24036078
2021-12-11 00:00:00 UTC,1779.7811864666105,319502965.06831664,8536422.666670417
2021-12-12 00:00:00 UTC,1779.3929963708276,321531474.30641496,6177925.67674247
2021-12-13 00:00:00 UTC,1784.852125856115,320701682.6598328,3139451.5091577787
2021-12-14 00:00:00 UTC,1789.5594410201586,321054825.1874195,9088327.593745984
2021-12-15 00:00:00 UTC,1779.421828494972,320629386.9753795,10337665.237479666
2021-12-16 00:00:00 UTC,1779.1526369832939,325704289.71192914,9987945.53705043
2021-12-17 00:00:00 UTC,1800.2255818011986,331395807.48487353,7715613.108604426
2021-12-18 00:00:00 UTC,1802.2332631122392,336514350.62091637,16329802.987371467
2021-12-19 00:00:00 UTC,1806.1397827593119,337110904.9159456,5339516.366469059
2021-12-20 00:00:00 UTC,1802.2616931959844,336516562.84730315,5895177.159409247
2021-12-21 00:00:00 UTC,1801.231204898442,336454583.48580474,8152025.267954447
2021-12-22 00:00:00 UTC,1795.368224401811,334204443.4538851,9418298.918446418
2021-12-23 00:00:00 UTC,1807.7166757221119,318834745.5630974,7081774.114563759
2021-12-24 00:00:00 UTC,1818.9957530406218,320039299.22194356,8061897.073408956
2021-12-25 00:00:00 UTC,1818.3849457206866,323542752.09195507,6080520.593027872
2021-12-26 00:00:00 UTC,1817.8584209130559,324225666.43633777,3060515.728249053
2021-12-27 00:00:00 UTC,1815.61726298023,322780173.81575716,3584178.592049201
2021-12-28 00:00:00 UTC,1818.0718589849346,323852874.0357676,4139552.768835748
2021-12-29 00:00:00 UTC,1810.3618269659255,322460447.54891145,8783490.539399166
2021-12-30 00:00:00 UTC,1811.7734665690089,321818146.6713168,11302786.635228058
2021-12-31 00:00:00 UTC,1826.8104758531158,324898504.98634243,6329843.5987838805
2022-01-01 00:00:00 UTC,1829.4804650569663,326389748.2540645,6658533.777098526
2022-01-02 00:00:00 UTC,1847.0641118488893,327505867.6811264,3509576.6599466046
2022-01-03 00:00:00 UTC,1836.608213578834,327184294.7557842,3232833.26048141
2022-01-04 00:00:00 UTC,1811.7799389702577,322590240.04659927,5404549.516043754
2022-01-05 00:00:00 UTC,1814.661874589958,329631938.9878906,4666493.795976915
2022-01-06 00:00:00 UTC,1826.282804289849,332140740.9761454,12912374.349750841
2022-01-07 00:00:00 UTC,1796.716436227717,320775022.7485418,27119607.81516885
2022-01-08 00:00:00 UTC,1804.6758237217325,325771736.6999146,10338842.41146344
2022-01-09 00:00:00 UTC,1790.4129925179154,323816207.74426395,7412521.691129646
2022-01-10 00:00:00 UTC,1795.144853520831,321852246.44141686,5844239.665255594
2022-01-11 00:00:00 UTC,1805.8809322679153,325870002.9162581,11388306.781836795
2022-01-12 00:00:00 UTC,1823.177478648426,329745182.7233259,6722472.387662913
2022-01-13 00:00:00 UTC,1835.0513759053479,331630055.4401307,8777901.19132354
2022-01-14 00:00:00 UTC,1829.359479875887,330568481.07975674,5782727.392855298
2022-01-15 00:00:00 UTC,1825.8844961775167,329769848.33649534,3914726.747584333
2022-01-16 00:00:00 UTC,1826.4837450612501,329555646.1431782,2785797.4446241916
2022-01-17 00:00:00 UTC,1825.7662876650663,329827595.64961886,1833265.8391104827
2022-01-18 00:00:00 UTC,1827.0962645457137,330120409.59336007,4507951.380883961
2022-01-19 00:00:00 UTC,1820.282906429632,328942167.6460823,5676014.289557905
2022-01-20 00:00:00 UTC,1848.9242962502358,333683548.80621475,8933087.82671275
2022-01-21 00:00:00 UTC,1840.5799162491412,332917952.4508869,9567320.083882261
2022-01-22 00:00:00 UTC,1823.1670260823037,331908325.59836394,21649230.272934582
2022-01-23 00:00:00 UTC,1845.2163389609946,335813392.62603074,22603006.53002931
2022-01-24 00:00:00 UTC,1848.637260609632,336323977.8272746,12322740.545285292
2022-01-25 00:00:00 UTC,1857.7265115752004,337670248.52142,21022140.478250466
2022-01-26 00:00:00 UTC,1861.3560592294887,340732542.11318,14240571.374387024
2022-01-27 00:00:00 UTC,1824.2047366412612,339064825.2491269,22535857.822594993
2022-01-28 00:00:00 UTC,1812.3318400977807,343646070.5524855,14910596.788895587
2022-01-29 00:00:00 UTC,1800.1904043072338,349669498.2759228,11699258.070475178
2022-01-30 00:00:00 UTC,1802.5500250124862,350319114.9145856,7064637.239089926
2022-01-31 00:00:00 UTC,1799.638629047682,349467074.7017603,4732978.265538511
2022-02-01 00:00:00 UTC,1808.3099494387193,354975776.7080004,7647598.248581583
2022-02-02 00:00:00 UTC,1809.4981891848888,355885841.2229457,6765674.816625139
2022-02-03 00:00:00 UTC,1815.648065348224,356860707.22773474,7807123.264245411
2022-02-04 00:00:00 UTC,1815.3965738677305,357341273.7490011,6960858.410503314
2022-02-05 00:00:00 UTC,1826.6120886658223,358866707.0763505,10596575.514693856
2022-02-06 00:00:00 UTC,1814.651054640003,357508180.265786,7286446.870515318
2022-02-07 00:00:00 UTC,1820.4435827044797,358399728.73677546,7415680.4196358
2022-02-08 00:00:00 UTC,1826.8214005095988,359207703.857338,9733240.332950944
2022-02-09 00:00:00 UTC,1833.7880386277977,360639486.5041036,9532155.366217997
2022-02-10 00:00:00 UTC,1841.2630539163101,364556522.7434358,6985015.616973755
2022-02-11 00:00:00 UTC,1833.4527565420508,362556947.6203401,10639361.139405822
2022-02-12 00:00:00 UTC,1872.9095517563435,375528295.31304073,18371134.04415165
2022-02-13 00:00:00 UTC,1877.786293775367,376427282.9377795,25484684.837129474
2022-02-14 00:00:00 UTC,1886.1862358217256,378313993.93801117,16563253.633895546
2022-02-15 00:00:00 UTC,1882.9842629933414,378355556.3361384,26710579.947209083
2022-02-16 00:00:00 UTC,1857.9642070570808,387278832.9188002,27104514.044215675
2022-02-17 00:00:00 UTC,1875.869295506127,391754522.5231523,12943686.57118144
2022-02-18 00:00:00 UTC,1918.152466031774,400134494.5870135,29860559.996574737
2022-02-19 00:00:00 UTC,1916.3960334560309,424531424.9671441,27654022.47130353
2022-02-20 00:00:00 UTC,1922.7686639002734,425024709.7464618,13469070.698978549
2022-02-21 00:00:00 UTC,1936.3989167113493,429032166.7562576,30797522.519678142
2022-02-22 00:00:00 UTC,1953.614486739019,432164340.7652546,36675924.861965336
2022-02-23 00:00:00 UTC,1909.8689412339409,439614473.21589774,42999266.71752002
2022-02-24 00:00:00 UTC,1923.229430790757,455644889.38373435,21423779.914532486
2022-02-25 00:00:00 UTC,1939.3095904896704,469894350.19208235,204946649.24615234
2022-02-26 00:00:00 UTC,1902.692240747929,524614024.4160723,41878141.3033187
2022-02-27 00:00:00 UTC,1893.5917993177209,525058753.6080942,17832013.3410948
2022-02-28 00:00:00 UTC,1912.0158056825603,530650464.8308154,40155299.84898866
2022-03-01 00:00:00 UTC,1896.4076729155165,525490331.8854078,51659143.32280642
2022-03-02 00:00:00 UTC,1930.8201079799353,536074548.6341804,43193073.64230489
2022-03-03 00:00:00 UTC,1925.106516762944,534473690.8613301,28019463.13406719
2022-03-04 00:00:00 UTC,1934.3049177402593,537538911.4762777,24621930.727090836
2022-03-05 00:00:00 UTC,1972.4533760940246,548394700.6971073,38150377.00480952
2022-03-06 00:00:00 UTC,1975.5426751957464,548646697.0640891,22127164.41464589
2022-03-07 00:00:00 UTC,1993.680922779789,553370740.3990774,23481644.04658826
2022-03-08 00:00:00 UTC,1991.7504199165814,566630568.846873,88887904.14275344
2022-03-09 00:00:00 UTC,2053.613195819544,600349903.7656002,90895474.11444278
2022-03-10 00:00:00 UTC,1993.2229847796032,603881216.6020175,75235084.13166142
2022-03-11 00:00:00 UTC,2000.7142537005648,614109397.0767806,68306683.22162282
2022-03-12 00:00:00 UTC,1987.3611122369873,617193595.082831,43661331.96370686
2022-03-13 00:00:00 UTC,1993.650951061588,617318377.6344315,12977627.944592685
2022-03-14 00:00:00 UTC,1988.8402290916572,617459565.626203,23688702.62510768
2022-03-15 00:00:00 UTC,1960.146459820626,611152451.6495817,24396577.591689713
2022-03-16 00:00:00 UTC,1925.0607676972854,605758063.8073426,32294203.34007494
2022-03-17 00:00:00 UTC,1937.9754012258043,612134603.0848565,31975654.54686756
2022-03-18 00:00:00 UTC,1952.3230385239606,619315065.6570485,19454498.010447264
2022-03-19 00:00:00 UTC,1925.115596818278,611210058.6949046,24855350.038362343
2022-03-20 00:00:00 UTC,1917.1313018823264,609241741.6040586,11467332.833845671
2022-03-21 00:00:00 UTC,1921.5979463379379,610428753.7672974,12483108.188565975
2022-03-22 00:00:00 UTC,1935.7270466871662,613988198.8756742,20262109.747530423
2022-03-23 00:00:00 UTC,1918.9658228345286,608764254.870031,19087015.425603256
2022-03-24 00:00:00 UTC,1943.8538184842403,619419766.4152386,16873270.075293742
2022-03-25 00:00:00 UTC,1954.0616705636742,621065445.3633786,28091507.804170135
2022-03-26 00:00:00 UTC,1957.0309370049013,622601085.0377806,20177172.56208489
2022-03-27 00:00:00 UTC,1963.642679962181,623830072.4014082,7749227.039210644
2022-03-28 00:00:00 UTC,1950.8359162422034,619646970.4779831,14540570.553127589
2022-03-29 00:00:00 UTC,1921.8170456040193,611185194.1625518,32470777.7512303
2022-03-30 00:00:00 UTC,1918.0358432188934,609820196.8298597,27815132.853524685
2022-03-31 00:00:00 UTC,1930.6290125095375,615074862.9064425,13917826.548247961
2022-04-01 00:00:00 UTC,1937.730598266668,614123477.3254902,17426351.994372144
2022-04-02 00:00:00 UTC,1922.5981631038194,611679344.6933489,16815746.523389228
2022-04-03 00:00:00 UTC,1919.1389264265,610748553.8942419,9213829.942345701
2022-04-04 00:00:00 UTC,1921.6850005851434,610683399.1452097,9765708.489622163
2022-04-05 00:00:00 UTC,1930.8074818653295,613897111.4701246,13703015.298407516
2022-04-06 00:00:00 UTC,1919.619435884446,610900225.9343332,11804112.874947565
2022-04-07 00:00:00 UTC,1920.464580310161,610086409.4985477,23700897.464638416
2022-04-08 00:00:00 UTC,1928.4222436886848,614143450.0115196,11574819.34363876
2022-04-09 00:00:00 UTC,1947.1162533819263,618637110.1435193,13928941.913846329
2022-04-10 00:00:00 UTC,1953.427368729279,620923433.4360414,9321911.58656185
2022-04-11 00:00:00 UTC,1944.1232864947806,619523696.7305627,7890796.58509331
2022-04-12 00:00:00 UTC,1952.1560814026986,621337358.9242233,34801870.396213695
2022-04-13 00:00:00 UTC,1973.9203954757286,626607294.0858759,31493857.201825667
2022-04-14 00:00:00 UTC,1982.8365604375729,629903464.816775,24698021.788759943
2022-04-15 00:00:00 UTC,1977.9950529944444,628612058.5881226,17662732.057801876
2022-04-16 00:00:00 UTC,1980.4278978245497,628455874.2717489,10031859.605592513
2022-04-17 00:00:00 UTC,1981.3538599198882,629582010.0429409,7366369.27555226
2022-04-18 00:00:00 UTC,1986.4690319267809,629996208.7498629,8549352.134342095
2022-04-19 00:00:00 UTC,1982.9348668926175,629883399.7065614,32841862.457944017
2022-04-20 00:00:00 UTC,1952.8142609142822,622895437.8769392,22029466.062247004
2022-04-21 00:00:00 UTC,1960.620981966643,624252498.9700664,16916924.253427893
2022-04-22 00:00:00 UTC,1960.522293846284,626324553.8350737,21101705.295443017
2022-04-23 00:00:00 UTC,1937.034525793432,622620337.7515091,17939340.693675604
2022-04-24 00:00:00 UTC,1935.1236797020563,621915370.518092,8577362.495404836
2022-04-25 00:00:00 UTC,1933.0332456384776,621780896.7012466,6282323.692966183
2022-04-26 00:00:00 UTC,1907.5812066839474,612630049.1761131,34259502.64180166
2022-04-27 00:00:00 UTC,1906.7915094882078,614599496.2737343,18672307.476290215
2022-04-28 00:00:00 UTC,1892.2253356520025,609847310.3954272,14371770.473115189
2022-04-29 00:00:00 UTC,1897.9579454616853,611492545.6827846,13099066.52424294
2022-04-30 00:00:00 UTC,1905.717953731561,622621393.2024076,17387041.178460743
2022-05-01 00:00:00 UTC,1902.9359671072841,620627700.5284792,8551062.16836394
2022-05-02 00:00:00 UTC,1907.1869592870491,623110401.7534807,10097069.744632762
2022-05-03 00:00:00 UTC,1871.1280205707192,609095020.3769668,20400282.078021646
2022-05-04 00:00:00 UTC,1870.9145758256996,612837483.3573985,17849513.31821673
2022-05-05 00:00:00 UTC,1890.1173287874603,621159160.6042212,14450491.275874022
2022-05-06 00:00:00 UTC,1879.4887041239735,619083243.3029807,18125264.45399483
2022-05-07 00:00:00 UTC,1885.7982932646837,621155336.0120317,16186684.48416366
2022-05-08 00:00:00 UTC,1886.7544853816257,622255461.4171273,8539184.169955593
2022-05-09 00:00:00 UTC,1885.8373730532044,619896916.2731282,15293336.817382747
2022-05-10 00:00:00 UTC,1853.8960626486496,608375052.9878494,31287417.79693739
2022-05-11 00:00:00 UTC,1838.2236579147047,603274519.4146053,31188747.509853605
2022-05-12 00:00:00 UTC,1854.81286167207,611582170.2772819,53624217.78406832
2022-05-13 00:00:00 UTC,1836.0474837302427,603452344.5325811,123048718.89328495
2022-05-14 00:00:00 UTC,1809.8220341261444,593545265.7896177,36734999.410718024
2022-05-15 00:00:00 UTC,1818.637110598945,597653801.8913574,10146216.93391463
2022-05-16 00:00:00 UTC,1815.0603806267711,597303302.1795413,8966308.126721602
2022-05-17 00:00:00 UTC,1827.225478293133,601810439.837771,19293827.59784322
2022-05-18 00:00:00 UTC,1820.655133032779,601200584.2821178,17532023.600165155
2022-05-19 00:00:00 UTC,1816.5939931518199,600376789.6456971,14659835.225238679
2022-05-20 00:00:00 UTC,1853.0655755227242,611520381.1176617,27173076.69439901
2022-05-21 00:00:00 UTC,1852.9673781996835,615820452.4985919,16545335.42963705
2022-05-22 00:00:00 UTC,1854.824002743806,616396016.5972786,6449273.447754545
2022-05-23 00:00:00 UTC,1854.7129651260925,616471647.9006051,8699178.669188414
2022-05-24 00:00:00 UTC,1857.3726594065145,617135237.4661124,12422098.847406765
2022-05-25 00:00:00 UTC,1871.5651786852823,624114956.249599,11186664.25652846
2022-05-26 00:00:00 UTC,1857.372413259564,619634777.5691285,10895634.797218189
2022-05-27 00:00:00 UTC,1851.993658232361,617075597.7306772,17536071.03942488
2022-05-28 00:00:00 UTC,1854.676898478063,618864140.4124509,16760458.313110892
2022-05-29 00:00:00 UTC,1857.568032318309,619354454.3087173,6440713.691749678
2022-05-30 00:00:00 UTC,1853.3096445518,618783697.8947846,4905655.148145403
2022-05-31 00:00:00 UTC,1857.8173381830948,619658367.2984449,13631044.40610096
2022-06-01 00:00:00 UTC,1837.0644522300638,613271728.90105,11780062.545550028
2022-06-02 00:00:00 UTC,1850.2942251103163,618248188.4364235,13698901.888752166
2022-06-03 00:00:00 UTC,1869.5818644251926,624391509.5984198,10174758.507227687
2022-06-04 00:00:00 UTC,1857.6690575873324,619368325.5901029,9027142.248353984
2022-06-05 00:00:00 UTC,1864.1547260355242,621703207.7425246,5774922.689382342
2022-06-06 00:00:00 UTC,1856.3643380145616,619900600.6330042,6731375.094908574
2022-06-07 00:00:00 UTC,1846.2183064141404,614710376.2043799,12735706.61407482
2022-06-08 00:00:00 UTC,1858.7627044573003,619444635.3048351,14368830.351134699
2022-06-09 00:00:00 UTC,1854.528311055055,617347763.5103002,12867332.352637218
2022-06-10 00:00:00 UTC,1847.3424523640529,615567943.790641,7582386.514121716
2022-06-11 00:00:00 UTC,1872.44953334173,623976795.0427406,16722741.144781725
2022-06-12 00:00:00 UTC,1879.5743567932209,625928057.745271,18030368.94023887
2022-06-13 00:00:00 UTC,1883.223487812237,629515836.9287267,23251118.387037445
2022-06-14 00:00:00 UTC,1836.8867975273522,610488416.550693,85762729.93721817
2022-06-15 00:00:00 UTC,1825.9094831190944,609975955.5909152,48224632.49966853
2022-06-16 00:00:00 UTC,1841.004083252861,616617260.8862034,76048378.26531817
2022-06-17 00:00:00 UTC,1863.680071858057,624516450.8241955,23727849.082680438
2022-06-18 00:00:00 UTC,1843.4590822771238,617725179.8577818,27044536.53353869
2022-06-19 00:00:00 UTC,1824.6453932636796,610582952.0242409,40729486.45542241
2022-06-20 00:00:00 UTC,1843.4412693917252,616895441.0340914,27014374.908559613
2022-06-21 00:00:00 UTC,1854.4563073450208,621275113.7331448,21124103.646889504
2022-06-22 00:00:00 UTC,1834.2211547990978,612816139.1037184,14925666.883858027
2022-06-23 00:00:00 UTC,1843.9682803940216,613818626.5476466,15324645.978571508
2022-06-24 00:00:00 UTC,1829.9939470051136,609779435.6616502,13503339.742088854
2022-06-25 00:00:00 UTC,1822.220134471219,609223480.9340811,14044148.830758546
2022-06-26 00:00:00 UTC,1826.4430556381087,608586158.7832894,7372348.911682974
2022-06-27 00:00:00 UTC,1830.4229469408954,609989744.0276693,13235120.76512989
2022-06-28 00:00:00 UTC,1826.9839878388548,609194760.3808979,16247999.787432507
2022-06-29 00:00:00 UTC,1824.1118118306547,607763602.6771574,36674069.98733595
2022-06-30 00:00:00 UTC,1823.1279480916473,607626662.9501538,12789091.14574521
2022-07-01 00:00:00 UTC,1833.2458312800948,609125935.5730832,16866207.58964103
2022-07-02 00:00:00 UTC,1809.0341240079506,603822777.0512067,23855753.883982476
2022-07-03 00:00:00 UTC,1815.2984077895576,605853424.7883428,7869383.887048981
2022-07-04 00:00:00 UTC,1813.1133084181827,605690238.6084014,9832917.49778129
2022-07-05 00:00:00 UTC,1813.277415584476,605341160.7470758,12664319.681419982
2022-07-06 00:00:00 UTC,1767.160271274429,591531200.3571637,22694378.54578917
2022-07-07 00:00:00 UTC,1744.0660021649633,584529514.876413,17796828.19258405
2022-07-08 00:00:00 UTC,1744.5790923684729,586098329.0744345,13595082.180358391
2022-07-09 00:00:00 UTC,1744.9340592977237,588333601.7584506,19783501.222195048
2022-07-10 00:00:00 UTC,1737.2464845970567,586154481.0695626,6201642.1372872135
2022-07-11 00:00:00 UTC,1743.9198156388002,588258639.0246298,6856316.162217467
2022-07-12 00:00:00 UTC,1734.364003226265,584331805.7027159,11455498.225269025
2022-07-13 00:00:00 UTC,1727.8063005866852,583189589.3646466,22564978.7836705
2022-07-14 00:00:00 UTC,1738.2052904663326,590516240.7633373,25049291.708352245
2022-07-15 00:00:00 UTC,1714.6695200895795,582751753.6916268,14164679.938873209
2022-07-16 00:00:00 UTC,1703.5203126427484,577250715.1066947,12675084.558593385
2022-07-17 00:00:00 UTC,1697.471614236666,576484653.6207777,17329550.97894447
2022-07-18 00:00:00 UTC,1705.9887947706106,579184150.3714076,14919944.11615135
2022-07-19 00:00:00 UTC,1707.4724761704927,578942767.9797117,16218716.734051488
2022-07-20 00:00:00 UTC,1706.716340994302,579090076.8120197,19982346.465686623
2022-07-21 00:00:00 UTC,1697.5163847212596,577098414.5675939,17425058.314605508
2022-07-22 00:00:00 UTC,1716.4039408616086,582592909.2593596,15715967.86164365
2022-07-23 00:00:00 UTC,1727.1987111595117,585927165.0721028,19073496.980725817
2022-07-24 00:00:00 UTC,1725.4010259811214,585398694.5220305,6982978.214087994
2022-07-25 00:00:00 UTC,1724.9929200922124,584994458.6440635,9369596.469554324
2022-07-26 00:00:00 UTC,1705.9647816482213,578804313.3390119,13607440.628845025
2022-07-27 00:00:00 UTC,1721.6497081223517,584834452.3943225,11277963.340651583
2022-07-28 00:00:00 UTC,1739.6146727968826,589618930.5208784,14097804.015972259
2022-07-29 00:00:00 UTC,1749.4254484863918,594333831.5489773,22050172.2704633
2022-07-30 00:00:00 UTC,1763.7567452898752,601438479.3904196,14770536.767515734
2022-07-31 00:00:00 UTC,1766.6692321121802,599424736.3510537,7103248.625098792
2022-08-01 00:00:00 UTC,1764.4136483161979,599725247.359909,9849232.873131631
2022-08-02 00:00:00 UTC,1774.6739181125402,602275508.4529457,11360694.367009845
2022-08-03 00:00:00 UTC,1754.127226889127,596189788.0390435,18859069.490657374
2022-08-04 00:00:00 UTC,1763.1568947228202,598316880.868915,11843084.409735871
2022-08-05 00:00:00 UTC,1792.765849271236,607837588.101369,11935392.530979289
2022-08-06 00:00:00 UTC,1771.0555152535485,601235424.4133096,11028773.185684076
2022-08-07 00:00:00 UTC,1767.2741473322087,600299459.2810246,4395136.507556465
2022-08-08 00:00:00 UTC,1769.9574464808034,601319308.409208,4120798.560379799
2022-08-09 00:00:00 UTC,1783.2982824448777,605873633.6733673,16103815.886305757
2022-08-10 00:00:00 UTC,1794.338138450657,609062358.0109692,11281956.631139444
2022-08-11 00:00:00 UTC,1787.5842883886942,607031018.5841542,10951889.29144824
2022-08-12 00:00:00 UTC,1780.6172509768428,604811208.1109257,10415260.04851345
2022-08-13 00:00:00 UTC,1796.5488052821383,610641656.7728868,7894646.873835676
2022-08-14 00:00:00 UTC,1795.0181810268357,609632897.385059,4531112.007971816
2022-08-15 00:00:00 UTC,1791.4620357213475,608686069.4859662,8616690.054352382
2022-08-16 00:00:00 UTC,1776.3357068818696,603433210.5501939,10787756.666573346
2022-08-17 00:00:00 UTC,1773.1435592549178,602969298.5548342,8577050.362125838
2022-08-18 00:00:00 UTC,1756.8422018957347,596817626.5964712,9823508.910810437
2022-08-19 00:00:00 UTC,1751.503361621887,595025677.9506721,6018060.863865591
2022-08-20 00:00:00 UTC,1744.495196508009,591765573.3948787,19014397.622912943
2022-08-21 00:00:00 UTC,1740.2799100929503,590892652.674951,7111210.207852282
2022-08-22 00:00:00 UTC,1739.5105149094559,592506940.9576697,7609625.988280425
2022-08-23 00:00:00 UTC,1733.2941663224678,590534548.9221023,9491221.898482298
2022-08-24 00:00:00 UTC,1747.629146241193,593446475.3740867,16158546.061654693
2022-08-25 00:00:00 UTC,1744.820110954667,592321061.0809096,7821131.537014796
2022-08-26 00:00:00 UTC,1753.58916507004,596636724.1507676,5368734.792667992
2022-08-27 00:00:00 UTC,1731.3617344593883,588536925.6321393,13416895.164940288
2022-08-28 00:00:00 UTC,1730.0552216981694,588598973.4474812,7039339.305026778
2022-08-29 00:00:00 UTC,1726.7743779035397,587500702.8083833,6277169.544293413
2022-08-30 00:00:00 UTC,1733.2507765395417,588515345.1458105,10695737.233959774
2022-08-31 00:00:00 UTC,1712.9893601242463,571730624.592739,10019790.479073003
2022-09-01 00:00:00 UTC,1702.465244912535,567605581.6895616,9749074.525715556
2022-09-02 00:00:00 UTC,1691.302508110711,552355636.9568911,13048685.471283041
2022-09-03 00:00:00 UTC,1702.9807730523262,555848423.5128363,10110996.886450348
2022-09-04 00:00:00 UTC,1705.22126800085,556994447.9342664,3026991.094641923
2022-09-05 00:00:00 UTC,1707.1381830188734,556957721.4683049,3323663.1208101464
2022-09-06 00:00:00 UTC,1705.3534283999038,556941418.0911444,6872229.079974711
2022-09-07 00:00:00 UTC,1693.5461640316337,552697069.8437717,13797962.039268086
2022-09-08 00:00:00 UTC,1709.3195056782974,557805521.9789317,12417111.775305795
2022-09-09 00:00:00 UTC,1702.4067742850032,552736856.4893636,8399113.449046038
2022-09-10 00:00:00 UTC,1710.8339502975534,555955617.2539765,10073114.575551368
2022-09-11 00:00:00 UTC,1712.9476149784255,556886347.4659624,6460542.54098839
2022-09-12 00:00:00 UTC,1713.5587129731289,557710661.610351,4878172.963314541
2022-09-13 00:00:00 UTC,1718.2667070620323,559042388.5465611,15305241.36844841
2022-09-14 00:00:00 UTC,1695.3329043913648,551804768.174878,17812692.15234734
2022-09-15 00:00:00 UTC,1688.7904195512444,549194198.945129,7110156.284258255
2022-09-16 00:00:00 UTC,1653.4509425762258,537630392.0454417,26695337.40818518
2022-09-17 00:00:00 UTC,1666.3012985159721,532257233.33980936,10740373.305523587
2022-09-18 00:00:00 UTC,1669.5338544958863,533262442.6846088,4989420.814320869
2022-09-19 00:00:00 UTC,1671.770637905709,533403783.32331073,5701144.266077121
2022-09-20 00:00:00 UTC,1666.7444454068955,532324691.3524324,13425791.946950136
2022-09-21 00:00:00 UTC,1656.1057196407892,520368084.3593903,9947518.745365122
2022-09-22 00:00:00 UTC,1662.391442125713,522670133.5414698,19847819.372161455
2022-09-23 00:00:00 UTC,1666.1423058423884,523289971.3432658,9935392.19036362
2022-09-24 00:00:00 UTC,1638.0213343853477,506758880.86651194,12403938.375024656
2022-09-25 00:00:00 UTC,1637.5022311874857,506914098.5853323,4256001.454645924
2022-09-26 00:00:00 UTC,1636.6467142730007,506478507.649472,5155840.721344746
2022-09-27 00:00:00 UTC,1617.4513206616787,501002082.0461745,16297282.982665807
2022-09-28 00:00:00 UTC,1622.5852054558038,502889587.6299914,12063813.079955833
2022-09-29 00:00:00 UTC,1649.381183006764,511176216.6835061,16003182.475271052
2022-09-30 00:00:00 UTC,1655.8333570386526,509025175.9729772,8389640.982481254
2022-10-01 00:00:00 UTC,1658.2805902395926,509361946.71460694,7353291.230489953
2022-10-02 00:00:00 UTC,1655.2142553560336,508401463.32752675,2112669.323591935
2022-10-03 00:00:00 UTC,1658.8783890172147,510039141.116063,4618677.63102163
2022-10-04 00:00:00 UTC,1695.6283394480247,513868847.6982931,7521213.409161484
2022-10-05 00:00:00 UTC,1718.8431863363082,520988275.1194592,11261806.571141738
2022-10-06 00:00:00 UTC,1710.0058566398156,518790698.0269769,6428906.243428459
2022-10-07 00:00:00 UTC,1703.2690305471667,518086543.5899144,4755557.850711589
2022-10-08 00:00:00 UTC,1695.262386874188,515490832.2281583,7160482.978868645
2022-10-09 00:00:00 UTC,1688.9020571355709,513938863.1444713,2583849.227882313
2022-10-10 00:00:00 UTC,1691.7861825635835,513716858.3895297,2221433.8722948674
2022-10-11 00:00:00 UTC,1661.477971039404,505260070.8633397,6632928.2435801225
2022-10-12 00:00:00 UTC,1660.6421964790825,505086159.62697524,5459030.046636982
2022-10-13 00:00:00 UTC,1663.649243231493,506686713.8969427,5448817.2539777635
2022-10-14 00:00:00 UTC,1658.043303059061,504397438.5264243,11878260.522190478
2022-10-15 00:00:00 UTC,1636.2083140632376,496780983.54522246,6374879.127505105
2022-10-16 00:00:00 UTC,1637.9557776267884,497182133.2682962,2243259.143723607
2022-10-17 00:00:00 UTC,1641.1886451997245,498793760.95946264,2350749.862329456
2022-10-18 00:00:00 UTC,1646.4068077314428,499805274.6497272,6171390.193915959
2022-10-19 00:00:00 UTC,1646.2326692675683,500197837.6995997,3756602.598316376
2022-10-20 00:00:00 UTC,1621.76558243608,492766845.8475221,6677059.180925597
2022-10-21 00:00:00 UTC,1619.6902841092274,491988457.7033596,5378475.6315099085
2022-10-22 00:00:00 UTC,1648.9891683703897,500727265.33299446,7534550.241275962
2022-10-23 00:00:00 UTC,1651.4464252126525,501700815.58760196,2230770.8250677763
2022-10-24 00:00:00 UTC,1656.6600982094167,503519110.7794258,4249181.028044514
2022-10-25 00:00:00 UTC,1643.218102831031,499313402.70527166,5213314.644187013
2022-10-26 00:00:00 UTC,1646.7150565107752,500140929.3951311,13187545.86276539
2022-10-27 00:00:00 UTC,1660.4686903493907,503914722.3814479,10463376.55709012
2022-10-28 00:00:00 UTC,1653.275164734216,502372040.4576134,9765225.300684847
2022-10-29 00:00:00 UTC,1636.6737267020546,497219607.604957,7745630.486358651
2022-10-30 00:00:00 UTC,1638.0697165425524,497625162.3604003,7485528.282987428
2022-10-31 00:00:00 UTC,1640.3819347087788,498096563.6957284,4235443.43796524
2022-11-01 00:00:00 UTC,1628.9922595532307,490243459.547498,7809184.178058971
2022-11-02 00:00:00 UTC,1639.3747719983983,493646223.43933487,9767039.341230199
2022-11-03 00:00:00 UTC,1630.24693786516,490663769.7524051,15023142.286756942
2022-11-04 00:00:00 UTC,1626.1465611933004,490114668.25053376,9071713.469899947
2022-11-05 00:00:00 UTC,1671.670982789603,504018603.70550185,15644129.012780882
2022-11-06 00:00:00 UTC,1670.8115628199491,503890405.2238978,5589153.744061104
2022-11-07 00:00:00 UTC,1664.7317799874318,501534370.7961569,6572432.381316375
2022-11-08 00:00:00 UTC,1666.013122002649,502287317.3165782,11356979.869439531
2022-11-09 00:00:00 UTC,1694.7495397305092,511347255.1375082,58700764.79980195
2022-11-10 00:00:00 UTC,1686.4849718258913,509574564.12590194,85699195.8710876
2022-11-11 00:00:00 UTC,1749.0188644538441,527639794.0450767,63350536.29311353
2022-11-12 00:00:00 UTC,1782.1732490472207,536676862.2227763,42445948.20605157
2022-11-13 00:00:00 UTC,1733.03718565709,521579065.95240366,179113750.25855502
2022-11-14 00:00:00 UTC,1741.4788585242288,525074537.69781727,25191996.765786704
2022-11-15 00:00:00 UTC,1751.5836049757525,508665522.48452103,75066214.05059482
2022-11-16 00:00:00 UTC,1775.458866924499,494491484.87932193,38211617.991492614
2022-11-17 00:00:00 UTC,1767.8661330772968,482014761.60717136,16990009.859589018
2022-11-18 00:00:00 UTC,1757.1774000814241,479557854.9137673,43224235.159682564
2022-11-19 00:00:00 UTC,1741.7538180792355,472113510.5658813,10717461.445213491
2022-11-20 00:00:00 UTC,1747.1842828843485,473203530.1304549,4170258.3946783952
2022-11-21 00:00:00 UTC,1750.6754384091462,474557442.7456303,9582689.57359923
2022-11-22 00:00:00 UTC,1740.7520071450533,473867552.07622486,23964015.234608326
2022-11-23 00:00:00 UTC,1733.9264670254347,476832195.8741133,11915767.138776487
2022-11-24 00:00:00 UTC,1748.7752913797663,478145954.6170727,10435713.014013598
2022-11-25 00:00:00 UTC,1747.2047417857493,478627190.11003333,10350666.214461716
2022-11-26 00:00:00 UTC,1749.182231461485,476434910.38209754,7991138.209932351
2022-11-27 00:00:00 UTC,1749.9208586294471,476856986.8928615,7558188.750813745
2022-11-28 00:00:00 UTC,1749.1861687258356,476817327.64083654,3692425.8416501936
2022-11-29 00:00:00 UTC,1742.8466055747344,474769301.262353,11532832.069142608
2022-11-30 00:00:00 UTC,1740.6992903912615,474098319.13436246,11296841.24562294
2022-12-01 00:00:00 UTC,1766.253681318083,479002348.60731596,11134939.586327609
2022-12-02 00:00:00 UTC,1790.795990047373,485682648.3084958,13311174.491834655
2022-12-03 00:00:00 UTC,1786.018219314616,482310184.9173788,10110669.694667878
2022-12-04 00:00:00 UTC,1786.852025971123,484268441.8114363,5768988.432601492
2022-12-05 00:00:00 UTC,1789.1553412868655,483163120.23853636,5163604.751702085
2022-12-06 00:00:00 UTC,1769.6066520661889,476663600.485101,9860130.021007614
2022-12-07 00:00:00 UTC,1774.8548970551985,476931524.39191735,5557984.353823375
2022-12-08 00:00:00 UTC,1788.2051875782738,480703200.07947624,8829340.525351737
2022-12-09 00:00:00 UTC,1788.5281344185498,484626943.7726344,5510093.304540573
2022-12-10 00:00:00 UTC,1793.7595610369497,486505793.45117533,9241550.598687747
2022-12-11 00:00:00 UTC,1790.8026151569693,485035404.99590945,8240966.3493022
2022-12-12 00:00:00 UTC,1793.466430929319,486366902.2946855,8901918.757980987
2022-12-13 00:00:00 UTC,1774.7081156115066,482213829.7737947,13159995.393991997
2022-12-14 00:00:00 UTC,1808.2983987078535,490702136.18211424,26606139.933388095
2022-12-15 00:00:00 UTC,1803.3604895599217,486926437.4904445,14313323.771983622
2022-12-16 00:00:00 UTC,1785.744729278497,483318199.56276846,15078213.63440453
2022-12-17 00:00:00 UTC,1803.4398621807313,485714457.8388573,17236752.47122838
2022-12-18 00:00:00 UTC,1804.2235780297462,487940100.0185373,7924470.218788878
2022-12-19 00:00:00 UTC,1797.1818271817094,485801445.1593301,6655995.574500567
2022-12-20 00:00:00 UTC,1795.2768003974534,484912899.39473796,6940317.315950421
2022-12-21 00:00:00 UTC,1812.8428520981565,490066376.3714312,11247780.164820602
2022-12-22 00:00:00 UTC,1813.7086567363194,489685067.1219174,6352399.956728205
2022-12-23 00:00:00 UTC,1794.9183160316857,484463395.9099849,8643527.852241931
2022-12-24 00:00:00 UTC,1804.9382216811548,488055359.83071774,5591579.5905183675
2022-12-25 00:00:00 UTC,1797.5707438818442,486056878.80812275,3298851.620259903
2022-12-26 00:00:00 UTC,1799.0233979419663,486467567.5430534,4470273.174345248
2022-12-27 00:00:00 UTC,1796.7644845212712,486017475.31844866,3925039.4482159144
2022-12-28 00:00:00 UTC,1811.7716443645295,489996768.5363486,7967187.117836603
2022-12-29 00:00:00 UTC,1803.2409903052373,487388988.88894403,8874540.853296014
2022-12-30 00:00:00 UTC,1817.875522757396,491376480.05892164,9083306.380483571
2022-12-31 00:00:00 UTC,1822.3284225621028,492745534.3525085,10398704.089064091
2023-01-01 00:00:00 UTC,1823.150418263401,492505517.3505086,5509455.157827088
2023-01-02 00:00:00 UTC,1825.9743033451568,493608197.1106786,4085423.8378666285
2023-01-03 00:00:00 UTC,1822.9525138849183,492705806.3629105,8510667.421365187
2023-01-04 00:00:00 UTC,1841.157954380173,497808784.1401368,16542094.090512376
2023-01-05 00:00:00 UTC,1852.2791827273813,502041389.32958317,11583130.54492117
2023-01-06 00:00:00 UTC,1833.9960706337276,497447333.7829521,8505559.556546263
2023-01-07 00:00:00 UTC,1854.5832590103525,503627476.0876972,11977891.736187812
2023-01-08 00:00:00 UTC,1858.9305969422887,504852749.7894666,7625589.264448478
2023-01-09 00:00:00 UTC,1858.5859946568419,505013324.92100626,8148361.532665243
2023-01-10 00:00:00 UTC,1862.3447096372904,505689228.7712404,13057237.279362483
2023-01-11 00:00:00 UTC,1863.7056324861526,506049541.14411896,7030047.877821928
2023-01-12 00:00:00 UTC,1879.367360171626,511020544.9450829,10933037.567647528
2023-01-13 00:00:00 UTC,1883.7071071459338,512185854.9927033,16843391.42882169
2023-01-14 00:00:00 UTC,1896.018952697764,515946382.26466453,15136648.83977829
2023-01-15 00:00:00 UTC,1890.7120290218315,514839015.39104784,22540737.819769956
2023-01-16 00:00:00 UTC,1900.8024959579827,516887794.8438069,10303298.513626095
2023-01-17 00:00:00 UTC,1887.3431265664758,513124712.68151957,10829475.759266665
2023-01-18 00:00:00 UTC,1889.0416053667523,511455755.08953035,9661262.92286631
2023-01-19 00:00:00 UTC,1888.6655993815207,511568474.2162355,10113972.217726544
2023-01-20 00:00:00 UTC,1916.7312070677426,518344910.4154912,10358457.848932652
2023-01-21 00:00:00 UTC,1913.0177270321128,516504248.6289162,10776903.391142633
2023-01-22 00:00:00 UTC,1914.7765014856104,517121026.6153006,9220248.608188407
2023-01-23 00:00:00 UTC,1913.7747045352344,516275481.4498311,7996576.930392261
2023-01-24 00:00:00 UTC,1920.436905010428,517412616.720144,8708213.101318503
2023-01-25 00:00:00 UTC,1909.4278028501355,515496058.9290693,12903851.638469217
2023-01-26 00:00:00 UTC,1929.677002243881,519534788.12308836,14011698.091416765
2023-01-27 00:00:00 UTC,1923.4274065595016,516997887.6929217,9625055.157907855
2023-01-28 00:00:00 UTC,1923.5679513253185,516983646.1686198,8532639.996753896
2023-01-29 00:00:00 UTC,1922.481530215338,517322498.9043642,4829813.948910451
2023-01-30 00:00:00 UTC,1920.4858315836022,515710521.5211907,11007692.058217293
2023-01-31 00:00:00 UTC,1903.993903592137,511540390.86520433,11110536.662245773
2023-02-01 00:00:00 UTC,1902.9931229168735,510634721.2065048,12789299.280078009
2023-02-02 00:00:00 UTC,1915.2420806838113,512449023.2999477,12655312.412528768
2023-02-03 00:00:00 UTC,1903.843253744953,507586670.43474656,19754593.342747428
2023-02-04 00:00:00 UTC,1868.6595037833788,499521533.18468785,16213138.021661347
2023-02-05 00:00:00 UTC,1863.7577603789805,498021847.4696875,11153080.793085907
2023-02-06 00:00:00 UTC,1859.2034137805344,496953986.2607765,9658960.967002247
2023-02-07 00:00:00 UTC,1869.7112764106298,501891281.26063746,8483462.147891302
2023-02-08 00:00:00 UTC,1863.070236351507,500823218.09644026,11246509.527890123
2023-02-09 00:00:00 UTC,1861.677937152098,499917959.0034094,8628716.025322521
2023-02-10 00:00:00 UTC,1847.64338238822,496267144.71080315,14459396.850736279
2023-02-11 00:00:00 UTC,1827.9849388828789,491663371.6785486,15279703.503429588
2023-02-12 00:00:00 UTC,1835.508182885232,492659631.5937177,7832663.035352471
2023-02-13 00:00:00 UTC,1830.7006347084177,491828287.75681174,5268430.621331962
2023-02-14 00:00:00 UTC,1806.5241752628826,484066843.9074499,70561135.90967518
2023-02-15 00:00:00 UTC,1835.6792690895525,469401042.48259276,33566949.94771455
2023-02-16 00:00:00 UTC,1829.5133818975937,461815772.641563,12245567.729331845
2023-02-17 00:00:00 UTC,1826.7624857111682,460284632.97678715,16933519.98920773
2023-02-18 00:00:00 UTC,1817.1104409756897,457734366.98773026,13510947.620880714
2023-02-19 00:00:00 UTC,1834.90550026487,462626783.72913116,5808923.556983035
2023-02-20 00:00:00 UTC,1822.1069216986411,460191741.8237866,6740062.889538139
2023-02-21 00:00:00 UTC,1818.3086850400218,458800320.2016347,9272850.683818739
2023-02-22 00:00:00 UTC,1815.0045114108639,456158203.70485955,8369396.29940992
2023-02-23 00:00:00 UTC,1812.2242346390228,456217556.31558,9796395.225794313
2023-02-24 00:00:00 UTC,1815.7263939942568,455145892.8826416,6245255.393876375
2023-02-25 00:00:00 UTC,1800.6288915392906,453643117.3829573,8060010.413081983
2023-02-26 00:00:00 UTC,1794.896280252642,452044748.54101145,6183889.033926451
2023-02-27 00:00:00 UTC,1797.3016006892312,452634966.5763431,5321579.725125635
2023-02-28 00:00:00 UTC,1806.5207429801253,454892978.17513055,6916638.436439319
2023-03-01 00:00:00 UTC,1808.5744758022038,454649791.4305874,12773206.63740729
2023-03-02 00:00:00 UTC,1828.0637340399219,460648152.71416956,9255621.378985552
2023-03-03 00:00:00 UTC,1829.1891066417643,459829243.9007739,7928348.764357334
2023-03-04 00:00:00 UTC,1846.330964846614,463953086.5415762,15056782.05534051
2023-03-05 00:00:00 UTC,1853.7746447148475,465957604.4962991,6708662.542093778
2023-03-06 00:00:00 UTC,1848.698318815437,464621827.4940826,6694756.851454933
2023-03-07 00:00:00 UTC,1835.9757455670297,461298914.5486455,8999092.785371283
2023-03-08 00:00:00 UTC,1810.4361602606552,454442327.6628736,8467606.623493442
2023-03-09 00:00:00 UTC,1808.1506874765473,454992069.849405,9447209.582901657
2023-03-10 00:00:00 UTC,1811.4388241590113,455199821.7938605,11589747.862035828
2023-03-11 00:00:00 UTC,1862.4558040255936,467597096.8449673,25163799.733468667
2023-03-12 00:00:00 UTC,1896.8377355922082,476278981.09478515,86247461.75599971
2023-03-13 00:00:00 UTC,1917.0965031540072,480462425.7948846,31177033.875242617
2023-03-14 00:00:00 UTC,1926.7523940788142,482418475.4151485,44683227.984326735
2023-03-15 00:00:00 UTC,1912.586993139785,487519078.1898747,33929936.70016002
2023-03-16 00:00:00 UTC,1932.3619826517865,492774335.8917966,31867216.983312096
2023-03-17 00:00:00 UTC,1864.2281188514323,475367933.8892804,509677166.296883
2023-03-18 00:00:00 UTC,1965.2899566758867,501875745.4903169,40001457.38411397
2023-03-19 00:00:00 UTC,1973.1231006837636,503723243.5499653,23956095.677200265
2023-03-20 00:00:00 UTC,1980.8125294898744,506969756.80237776,28566037.362188924
2023-03-21 00:00:00 UTC,1996.415842534036,505635091.83319694,29118109.543277666
2023-03-22 00:00:00 UTC,1955.915620065512,496901990.11216605,14400066.568276007
2023-03-23 00:00:00 UTC,1987.0751712202068,505641260.6981066,19165335.83964952
2023-03-24 00:00:00 UTC,1999.2220896457643,508859813.8624117,13716192.624756668
2023-03-25 00:00:00 UTC,1996.3239708442143,509767868.1204493,16362908.571740966
2023-03-26 00:00:00 UTC,2011.6417470154029,513545955.56190276,15547770.048052568
2023-03-27 00:00:00 UTC,1986.8432523755785,508214642.11454654,10449432.28017463
2023-03-28 00:00:00 UTC,1982.525804931604,506719075.82647115,14660342.198604198
2023-03-29 00:00:00 UTC,1987.2487565517156,509017165.20373994,15233052.1209743
2023-03-30 00:00:00 UTC,1983.0076157529043,508879392.4942282,12289449.745806647
2023-03-31 00:00:00 UTC,1980.4524000152967,508941270.3703088,12910477.232759124
2023-04-01 00:00:00 UTC,1976.6044820094885,508346173.4127059,8485821.787384624
2023-04-02 00:00:00 UTC,1976.8717887167675,507795110.6911295,6761742.577773279
2023-04-03 00:00:00 UTC,1972.4367328399956,506941607.39171904,6758531.665544697
2023-04-04 00:00:00 UTC,1983.7398581146963,510233840.37776303,12374473.98050203
2023-04-05 00:00:00 UTC,2022.706081693923,519626047.8899041,14825515.261613224
2023-04-06 00:00:00 UTC,2028.9231517873238,521516103.6583416,20876881.553553533
2023-04-07 00:00:00 UTC,2014.1892728312305,517753250.38514525,12535095.499656096
2023-04-08 00:00:00 UTC,2019.024128361614,518678107.31628203,10769794.83917112
2023-04-09 00:00:00 UTC,2017.6316442002642,518628377.9800969,9086615.94133193
2023-04-10 00:00:00 UTC,2020.0063244994822,519250071.4298863,10526512.903505143
2023-04-11 00:00:00 UTC,2006.9812242673213,515690852.7028917,14932574.246633507
2023-04-12 00:00:00 UTC,2023.9239602231971,520686318.2616644,16667737.518301146
2023-04-13 00:00:00 UTC,2023.6745402116196,520899059.59178704,20380393.20967624
2023-04-14 00:00:00 UTC,2046.9798399374213,528523690.72529995,15636779.139677495
2023-04-15 00:00:00 UTC,2018.854056124693,521423686.34089863,22533191.436180968
2023-04-16 00:00:00 UTC,2017.4040151713698,520763128.2372086,10873102.4159436
2023-04-17 00:00:00 UTC,2017.4646100478387,520911474.19913536,8521998.711727103
2023-04-18 00:00:00 UTC,2014.4609235326564,521699939.1386987,15938120.346286055
2023-04-19 00:00:00 UTC,2011.0055377557485,521713066.0025585,14583426.932321893
2023-04-20 00:00:00 UTC,2009.735117565958,521583530.17346674,20224811.22833066
2023-04-21 00:00:00 UTC,2005.964705466967,522043868.3379288,13967009.809011113
2023-04-22 00:00:00 UTC,1979.728856002817,515753733.10497,13886084.9798218
2023-04-23 00:00:00 UTC,1977.4745908357718,515253077.49618995,6828788.330810111
2023-04-24 00:00:00 UTC,1975.6629981276049,514442867.38607216,6791133.418663105
2023-04-25 00:00:00 UTC,1993.5558433757224,519452534.1134674,11258114.703994378
2023-04-26 00:00:00 UTC,2002.1314484816583,521786957.2522535,13026688.853359573
2023-04-27 00:00:00 UTC,1986.8491977350945,518061621.2270927,20431323.042959366
2023-04-28 00:00:00 UTC,1985.9746779734658,517600528.9162898,13648541.49541292
2023-04-29 00:00:00 UTC,1980.3410643404286,516442965.4546866,10370450.097337376
2023-04-30 00:00:00 UTC,1994.8766134684422,520181092.1861252,7483531.1905434625
2023-05-01 00:00:00 UTC,1997.4424919518158,520594358.87680256,6578576.220865813
2023-05-02 00:00:00 UTC,1995.9008782607573,520096249.6791208,14077516.095220964
2023-05-03 00:00:00 UTC,2014.152467768558,524996541.05880445,14849026.85860907
2023-05-04 00:00:00 UTC,2043.373732079486,532829611.7609432,17539634.566682704
2023-05-05 00:00:00 UTC,2051.423163726019,535679380.9738597,16017001.724556144
2023-05-06 00:00:00 UTC,2020.688863687971,527636873.87321377,18202015.91672044
2023-05-07 00:00:00 UTC,2024.6344325135874,528360648.9639545,8869190.308356348
2023-05-08 00:00:00 UTC,2018.8298409943372,526145072.05316633,6424470.027132232
2023-05-09 00:00:00 UTC,2027.5801401991587,529240918.66740525,18298831.87634927
2023-05-10 00:00:00 UTC,2037.092059569875,533827581.9891136,12801209.160300713
2023-05-11 00:00:00 UTC,2040.8289661739086,533966523.446437,14803900.627301099
2023-05-12 00:00:00 UTC,2023.492485603374,529647409.3726068,18715332.56809459
2023-05-13 00:00:00 UTC,2025.6061007808225,530420631.2339459,14292674.344969599
2023-05-14 00:00:00 UTC,2019.0539806531647,530063586.268487,5237172.334074828
2023-05-15 00:00:00 UTC,2018.1111707921275,528452976.0276898,4695029.127258152
2023-05-16 00:00:00 UTC,2018.680156852489,528178748.616513,10365113.262981175
2023-05-17 00:00:00 UTC,1996.2069818094558,523026230.2337154,11304119.94501287
2023-05-18 00:00:00 UTC,1993.303156003708,523156453.11989826,11438639.281360978
2023-05-19 00:00:00 UTC,1978.655056999822,520022979.60773796,12063408.371568073
2023-05-20 00:00:00 UTC,1997.1913021822045,524527323.6181878,7197311.072337077
2023-05-21 00:00:00 UTC,1993.736749705975,523715683.8012119,6576513.217879193
2023-05-22 00:00:00 UTC,1989.2923724052844,522656298.63049513,4111278.4068724993
2023-05-23 00:00:00 UTC,1980.2896837932371,520411133.3727804,6407913.534507069
2023-05-24 00:00:00 UTC,1985.3081671822733,521450398.1464263,9863965.4418271
2023-05-25 00:00:00 UTC,1971.4806717495387,518929543.6976585,9694383.116364248
2023-05-26 00:00:00 UTC,1964.837286394479,516950508.4610149,8740514.867606571
2023-05-27 00:00:00 UTC,1962.780368883519,516227191.4395478,9679986.7885067
2023-05-28 00:00:00 UTC,1964.9095374694618,516762631.9362044,5312996.724433479
2023-05-29 00:00:00 UTC,1962.6902842249629,517124951.8544623,8029088.158151657
2023-05-30 00:00:00 UTC,1957.263962247406,515119283.8447947,10154328.71077947
2023-05-31 00:00:00 UTC,1969.1931255334837,518127822.6908529,8561858.11210123
2023-06-01 00:00:00 UTC,1969.9230713040963,519031329.19732815,10258336.533455646
2023-06-02 00:00:00 UTC,1981.6345921793682,522007997.3404067,12465083.027305774
2023-06-03 00:00:00 UTC,1955.810441146668,515360339.2322133,11279864.66899044
2023-06-04 00:00:00 UTC,1947.000231223353,512871640.14090973,7444626.792449549
2023-06-05 00:00:00 UTC,1949.339827535673,513519055.8418941,6251486.515397625
2023-06-06 00:00:00 UTC,1917.563452211985,507023980.81109726,25189923.70406619
2023-06-07 00:00:00 UTC,1936.7196091770384,510662789.6247883,21273496.276254293
2023-06-08 00:00:00 UTC,1923.930785010103,497059359.6457178,14073863.186578998
2023-06-09 00:00:00 UTC,1920.076443212304,495969986.65834105,13302332.889233153
2023-06-10 00:00:00 UTC,1916.2113272939687,494866732.1754518,12408708.419591893
2023-06-11 00:00:00 UTC,1920.475514292284,495876401.8795184,20218119.49512894
2023-06-12 00:00:00 UTC,1917.957089340426,495276296.5747363,7050489.042449299
2023-06-13 00:00:00 UTC,1931.658702731597,498091950.7488366,8869372.921723353
2023-06-14 00:00:00 UTC,1914.0699302216021,491538513.2174861,10763737.369137352
2023-06-15 00:00:00 UTC,1918.6143610412305,492550337.48880744,9644207.25593651
2023-06-16 00:00:00 UTC,1930.377138864726,494713018.25561696,15817882.70366896
2023-06-17 00:00:00 UTC,1943.075306105657,497058551.08334535,14585291.625639975
2023-06-18 00:00:00 UTC,1928.0654733570013,493232919.24337405,5150828.732869952
2023-06-19 00:00:00 UTC,1926.5487868551925,493111587.45618665,3378279.356835755
2023-06-20 00:00:00 UTC,1926.590806759869,492824047.75908643,4021643.08516209
2023-06-21 00:00:00 UTC,1927.9623535882963,489792503.5894605,6659598.901079082
2023-06-22 00:00:00 UTC,1924.9459766619639,490005015.4702701,11845048.11425944
2023-06-23 00:00:00 UTC,1904.9564834416758,485101965.17540646,11286729.274769967
2023-06-24 00:00:00 UTC,1909.4907378480586,486962798.15498567,7546780.239795651
2023-06-25 00:00:00 UTC,1908.4505890639466,486295282.59589183,5054628.656467548
2023-06-26 00:00:00 UTC,1905.3405142144104,485292713.6480224,3136382.5896213595
2023-06-27 00:00:00 UTC,1906.133466408091,485000027.22021234,6687036.495758739
2023-06-28 00:00:00 UTC,1903.065480059514,484243107.4023964,4449248.193294139
2023-06-29 00:00:00 UTC,1889.8860380528922,480403821.9008858,6624066.025510477
2023-06-30 00:00:00 UTC,1893.109245027898,481406279.21162325,5790910.816991548
2023-07-01 00:00:00 UTC,1900.4170631007255,483183708.6341223,7811582.021150162
2023-07-02 00:00:00 UTC,1894.5718885595466,481635811.10313463,4032567.159610213
2023-07-03 00:00:00 UTC,1897.3137232986387,482203934.4145504,3264474.4427731666
2023-07-04 00:00:00 UTC,1895.877877701036,482090652.91761386,9373538.257617144
2023-07-05 00:00:00 UTC,1896.7195244813465,482671212.16484416,6130298.41708714
2023-07-06 00:00:00 UTC,1891.4601799759262,480263484.479004,5813118.287744033
2023-07-07 00:00:00 UTC,1891.4540807821827,479691925.87428445,8008153.427496164
2023-07-08 00:00:00 UTC,1905.311665779125,481989804.4331325,6965442.147566719
2023-07-09 00:00:00 UTC,1903.853044050664,482028045.11461234,2664124.608873835
2023-07-10 00:00:00 UTC,1903.016464683872,481858055.0656671,3010217.0215300405
2023-07-11 00:00:00 UTC,1907.6101088496644,482716258.785854,5350008.668959334
2023-07-12 00:00:00 UTC,1918.9459501348197,484962698.7818981,5888086.905171284
2023-07-13 00:00:00 UTC,1946.772563252426,492009203.5481836,9282160.091977343
2023-07-14 00:00:00 UTC,1940.1194639495156,489588633.0185691,14112842.068306312
2023-07-15 00:00:00 UTC,1928.1838538843974,486018929.0647777,9735060.853134032
2023-07-16 00:00:00 UTC,1922.2668225282016,484947619.3170355,3150377.525203024
2023-07-17 00:00:00 UTC,1927.0765155497486,485201501.96551,4840174.049234959
2023-07-18 00:00:00 UTC,1917.789214557643,482974962.574757,12557206.24742942
2023-07-19 00:00:00 UTC,1939.1173608591323,488640176.16137874,14906086.500700582
2023-07-20 00:00:00 UTC,1939.2126726522772,485993178.8471218,9491399.204217035
2023-07-21 00:00:00 UTC,1933.7308284624455,484873648.9168502,13122800.806017052
2023-07-22 00:00:00 UTC,1924.5798271229628,480917123.39738435,9009398.762013735
2023-07-23 00:00:00 UTC,1923.1746099906295,481248698.52874106,6872352.23173406
2023-07-24 00:00:00 UTC,1932.071552994698,482717890.87063164,6721020.762751139
2023-07-25 00:00:00 UTC,1935.4850173859677,483707966.55032456,9784853.596329132
2023-07-26 00:00:00 UTC,1945.1096485276637,484532713.6705418,8087623.898301783
2023-07-27 00:00:00 UTC,1957.3080133267108,487168971.1986528,9867641.540079137
2023-07-28 00:00:00 UTC,1941.6533828182903,482156161.036361,8981701.247957012
2023-07-29 00:00:00 UTC,1948.2451084971217,483949960.99920446,5960602.262254088
2023-07-30 00:00:00 UTC,1947.7860575331752,483651898.7157024,6106164.099036715
2023-07-31 00:00:00 UTC,1946.620205926319,483454286.7293475,6423315.052073608
2023-08-01 00:00:00 UTC,1952.4428217546704,484764055.95091885,8060219.945299247
2023-08-02 00:00:00 UTC,1949.0806483514532,483363162.8820778,8926699.375425328
2023-08-03 00:00:00 UTC,1928.8887373907546,479095165.2595355,9234574.312156549
2023-08-04 00:00:00 UTC,1931.162553654375,480022481.692551,7555544.69778817
2023-08-05 00:00:00 UTC,1940.9863022415338,481403057.01312363,8192945.2690563435
2023-08-06 00:00:00 UTC,1940.9391216891675,481812290.8634308,7187698.553266312
2023-08-07 00:00:00 UTC,1937.9268515066601,481555874.54939926,7459984.796229889
2023-08-08 00:00:00 UTC,1942.67306669672,482206138.2985703,10189370.021532053
2023-08-09 00:00:00 UTC,1929.4824073988837,479409276.000121,9425345.475945769
2023-08-10 00:00:00 UTC,1920.49772569458,476805818.2079007,9812998.683891274
2023-08-11 00:00:00 UTC,1915.5427730365966,475733708.7646196,8340865.846543005
2023-08-12 00:00:00 UTC,1909.4032180181825,473908072.74784774,7845799.402259032
2023-08-13 00:00:00 UTC,1903.0216532186325,472594043.7388698,8578976.665327236
2023-08-14 00:00:00 UTC,1905.760652537137,473224173.0776717,6491085.647401103
2023-08-15 00:00:00 UTC,1898.6148341979454,471575159.8991278,7699610.1237727245
2023-08-16 00:00:00 UTC,1897.5841629521954,471511556.2875389,7531030.533839695
2023-08-17 00:00:00 UTC,1892.804870171978,470740132.42972404,8649324.362001715
2023-08-18 00:00:00 UTC,1864.5792089002668,464487489.7922764,13922194.720623653
2023-08-19 00:00:00 UTC,1874.4238004258389,467336901.34037614,11170960.705744654
2023-08-20 00:00:00 UTC,1874.7373909345945,466943563.91589284,7374708.312422746
2023-08-21 00:00:00 UTC,1875.2905819987873,467055023.0329355,6773239.67645927
2023-08-22 00:00:00 UTC,1879.3271944905732,468152964.16282815,7932306.129287386
2023-08-23 00:00:00 UTC,1888.6547604736409,470694126.047468,7715456.15333527
2023-08-24 00:00:00 UTC,1911.1753347051201,475858417.2546234,9313243.578509917
2023-08-25 00:00:00 UTC,1907.5302011311776,474768048.21271515,7772179.063366615
2023-08-26 00:00:00 UTC,1901.1939123466575,473517416.8293155,7124607.033483191
2023-08-27 00:00:00 UTC,1903.0488577510362,473861985.5287938,5838636.137496481
2023-08-28 00:00:00 UTC,1900.2589741946574,473267707.27517545,6171748.733772753
2023-08-29 00:00:00 UTC,1902.6842130484306,473792000.495473,7457724.445716714
2023-08-30 00:00:00 UTC,1912.3667748928,477486230.2846429,9989220.851773268
2023-08-31 00:00:00 UTC,1923.1634623272566,479952335.4304605,8349790.511658078
2023-09-01 00:00:00 UTC,1919.3815879749418,478134460.44494176,8423101.966256533
2023-09-02 00:00:00 UTC,1915.6203049176877,477453259.6208119,7605685.76084223
2023-09-03 00:00:00 UTC,1914.2018132562068,477219825.3494461,6093224.054658146
2023-09-04 00:00:00 UTC,1916.7990358285642,477816979.0592449,6205894.334685182
2023-09-05 00:00:00 UTC,1918.872549451452,478278525.4534269,6304469.97686303
2023-09-06 00:00:00 UTC,1909.4833360794303,475701009.1108302,6401141.238566593
2023-09-07 00:00:00 UTC,1897.0258412490145,472561079.1656035,6424111.760122395
2023-09-08 00:00:00 UTC,1905.859337541323,474930437.82940286,6704029.375532163
2023-09-09 00:00:00 UTC,1902.0868009569167,473909059.87173426,6508622.950116911
2023-09-10 00:00:00 UTC,1898.0695219251352,472630124.2051601,5518238.051734145
2023-09-11 00:00:00 UTC,1897.8860817684476,472813336.8133283,6583965.76947636
2023-09-12 00:00:00 UTC,1902.3615327384812,474026218.97578907,8127252.536424156
2023-09-13 00:00:00 UTC,1893.8280055416774,470878417.4147059,8121507.343831135
2023-09-14 00:00:00 UTC,1887.7908323317392,469053779.5165606,7479618.004327605
2023-09-15 00:00:00 UTC,1894.7549780604184,470621254.6917808,7020778.318510977
2023-09-16 00:00:00 UTC,1909.0274841322769,474111525.41681844,7906888.363481574
2023-09-17 00:00:00 UTC,1905.8497095801476,473329460.48626846,6232555.2845201865
2023-09-18 00:00:00 UTC,1910.4176833908625,474199026.65370435,5608280.849328271
2023-09-19 00:00:00 UTC,1919.600855664121,476895453.52182245,7830484.98336289
2023-09-20 00:00:00 UTC,1920.9522207776383,476836190.5716606,7393548.468883146
2023-09-21 00:00:00 UTC,1920.1141824471013,477253136.9989093,7621034.623596765
2023-09-22 00:00:00 UTC,1911.2879703664282,474075919.2672858,7602512.293214108
2023-09-23 00:00:00 UTC,1912.0323373599892,473867051.56832254,5811393.707953189
2023-09-24 00:00:00 UTC,1913.6571115680654,474503699.06308556,5827795.2003482105
2023-09-25 00:00:00 UTC,1913.0887705889807,474086238.37659925,5933519.8555592345
2023-09-26 00:00:00 UTC,1907.3510355363408,473060915.1091461,7102916.646557954
2023-09-27 00:00:00 UTC,1899.4236396435576,470705910.9466898,6790718.287630006
2023-09-28 00:00:00 UTC,1880.782592020031,466169595.4398556,7780172.197180712
2023-09-29 00:00:00 UTC,1871.4807464000235,464080030.946325,8571726.3627675
2023-09-30 00:00:00 UTC,1864.3672873199687,462371019.99386364,8231592.029325259
2023-10-01 00:00:00 UTC,1868.4592680618975,463407461.3613754,6403745.168205551
2023-10-02 00:00:00 UTC,1866.8729263085731,462720656.2039317,7301509.974689723
2023-10-03 00:00:00 UTC,1841.7696779495311,457253110.13557667,10030222.559923375
2023-10-04 00:00:00 UTC,1830.8166396505098,455569700.7493244,9707111.310949465
2023-10-05 00:00:00 UTC,1835.559846037876,456374547.1653841,9203107.60300426
2023-10-06 00:00:00 UTC,1828.4021862426066,454430943.73156995,26648522.193120223
2023-10-07 00:00:00 UTC,1842.6617195350916,458151213.9862323,7751273.167828387
2023-10-08 00:00:00 UTC,1856.3571805857976,461452957.41553193,7246661.578823325
2023-10-09 00:00:00 UTC,1865.6751871434785,463866286.9311721,10902819.127007157
2023-10-10 00:00:00 UTC,1867.5555737889267,464408076.338778,13270294.965867313
2023-10-11 00:00:00 UTC,1862.8746084275858,463330605.0808711,7445279.060665212
2023-10-12 00:00:00 UTC,1876.193524252458,466873756.1111161,8743093.596875768
2023-10-13 00:00:00 UTC,1872.3644210628765,465552584.04886925,7581774.639207812
2023-10-14 00:00:00 UTC,1915.5931936126103,476337567.5521327,11021371.870673524
2023-10-15 00:00:00 UTC,1918.3647867795823,476568602.0278916,7177669.580674074
2023-10-16 00:00:00 UTC,1917.1213772043645,476855908.7087416,10218046.75498092
2023-10-17 00:00:00 UTC,1909.204853409722,474972274.63056415,10983357.127072409
2023-10-18 00:00:00 UTC,1918.797761656366,477102373.0058176,9501317.937501363
2023-10-19 00:00:00 UTC,1941.729258281326,482796533.1433912,12317608.43128974
2023-10-20 00:00:00 UTC,1961.898780014231,488393622.4485757,13796348.265775327
2023-10-21 00:00:00 UTC,1965.3107053580216,488933892.3563644,15629443.20419906
2023-10-22 00:00:00 UTC,1964.8506430778716,488904964.0086264,7204588.6109969625
2023-10-23 00:00:00 UTC,1968.8748999507063,489225535.5802168,8040168.582539013
2023-10-24 00:00:00 UTC,1957.268314077969,484337754.75985706,12675782.524515707
2023-10-25 00:00:00 UTC,1954.0168028232333,485332919.1309451,14470080.165822528
2023-10-26 00:00:00 UTC,1962.3401164625802,485371168.94899666,11210697.443531256
2023-10-27 00:00:00 UTC,1967.1399928123255,483773502.1916908,11033498.690792622
2023-10-28 00:00:00 UTC,1987.4914977970313,489738361.21725184,15492094.537974665
2023-10-29 00:00:00 UTC,1987.3872680397244,489290434.12815636,7627414.461339114
2023-10-30 00:00:00 UTC,1980.42005833646,487831160.6466776,12140542.614798758
2023-10-31 00:00:00 UTC,1977.4185256634864,483405311.2720856,8860290.18685465
2023-11-01 00:00:00 UTC,1967.6393092250855,479936517.26126057,9165779.684534127
2023-11-02 00:00:00 UTC,1965.3053028231861,479257328.8223219,11883563.844491592
2023-11-03 00:00:00 UTC,1960.998188898584,478554600.52210337,12666260.649763899
2023-11-04 00:00:00 UTC,1971.8066427884103,476872452.1701103,9666822.275989827
2023-11-05 00:00:00 UTC,1967.921972990915,475998808.50242954,8355325.572078103
2023-11-06 00:00:00 UTC,1953.497723917858,474474227.47308654,10937552.84052679
2023-11-07 00:00:00 UTC,1955.8601947384818,472202640.6630301,9312912.145608291
2023-11-08 00:00:00 UTC,1947.1969620198265,466632359.16107357,10870684.696575748
2023-11-09 00:00:00 UTC,1930.2665233916646,463368734.715128,9288927.390733287
2023-11-10 00:00:00 UTC,1946.5688381249424,464135481.24162227,15133740.227134531
2023-11-11 00:00:00 UTC,1923.2409039023146,458303757.5839875,11715220.225110125
2023-11-12 00:00:00 UTC,1921.7419827779024,457956035.0943622,8728794.868383534
2023-11-13 00:00:00 UTC,1920.392034364417,457346812.22410536,7798948.189190708
2023-11-14 00:00:00 UTC,1929.9081027602128,458863650.85532403,11384101.933603143
2023-11-15 00:00:00 UTC,1938.8182073358405,461272370.2647873,12131479.084452542
2023-11-16 00:00:00 UTC,1940.8510107330626,458194807.63812053,10354046.521981949
2023-11-17 00:00:00 UTC,1958.88506205098,462064097.3380262,11075840.155362494
2023-11-18 00:00:00 UTC,1968.3026469632746,459912025.45441693,10398559.286904223
2023-11-19 00:00:00 UTC,1962.3197723792468,458403235.6708457,7580862.922765037
2023-11-20 00:00:00 UTC,1958.0385532156986,457934198.09752357,7406930.344092493
2023-11-21 00:00:00 UTC,1961.9696661480057,458449453.8119734,9666989.879487453
2023-11-22 00:00:00 UTC,1977.9733493125702,461676829.68576515,16303369.817420533
2023-11-23 00:00:00 UTC,1981.6786348535159,461804715.41368765,10468342.145528914
2023-11-24 00:00:00 UTC,1979.4758721554194,461404272.21698886,9069157.512806995
2023-11-25 00:00:00 UTC,1986.946039963905,462526533.77937454,8942027.146687644
2023-11-26 00:00:00 UTC,1983.1674384022047,462153205.54189587,8373515.780026737
2023-11-27 00:00:00 UTC,1984.143721505605,462049012.96545917,7541117.688627723
2023-11-28 00:00:00 UTC,1997.5861100646619,465169273.1932588,11346247.338599019
2023-11-29 00:00:00 UTC,2022.7488414373454,469481846.6821279,11364959.266044706
2023-11-30 00:00:00 UTC,2024.7040841774028,469904773.8637165,9493027.312358152
2023-12-01 00:00:00 UTC,2021.6106706032178,468239890.46612424,8852986.302684668
2023-12-02 00:00:00 UTC,2050.1857983995765,474653792.6613713,14489554.606039919
2023-12-03 00:00:00 UTC,2044.8427933847938,473246348.1519127,10565704.986232985
2023-12-04 00:00:00 UTC,2083.8822714672783,482291940.297856,11490718.45228466
2023-12-05 00:00:00 UTC,2025.280540504216,468213010.21357256,17692081.19727201
2023-12-06 00:00:00 UTC,2012.8505045531338,462494598.8240917,10844160.96836183
2023-12-07 00:00:00 UTC,2006.1475854695323,459691872.8982678,11253591.466867128
2023-12-08 00:00:00 UTC,2017.3971688712452,461938461.2636178,10808060.591955805
2023-12-09 00:00:00 UTC,2005.607375686846,456821024.3266731,14285703.79914683
2023-12-10 00:00:00 UTC,1991.2208774070061,453748136.9320727,14279394.903459076
2023-12-11 00:00:00 UTC,1990.0664417836767,453287742.1776016,9275026.669143636
2023-12-12 00:00:00 UTC,1967.1953745727487,448001021.657424,15226639.8224248
2023-12-13 00:00:00 UTC,1963.1316036847393,445063478.882634,10711250.90046052
2023-12-14 00:00:00 UTC,2008.447586373891,455125808.3398488,10694660.559583899
2023-12-15 00:00:00 UTC,2017.0443638281636,454715456.81693053,11596597.040770356
2023-12-16 00:00:00 UTC,2002.294469084951,449528696.23390347,8910697.986887911
2023-12-17 00:00:00 UTC,1995.8292017827573,447234701.7156005,7442032.6095368685
2023-12-18 00:00:00 UTC,1996.8182200641763,447603565.70612454,7968631.928557804
2023-12-19 00:00:00 UTC,2009.5758601634666,450851150.5785844,10276241.546111492
2023-12-20 00:00:00 UTC,2022.8571745565498,451663461.7837883,9952256.718056738
2023-12-21 00:00:00 UTC,2014.5029043697725,446751625.0201345,8431001.468477136
2023-12-22 00:00:00 UTC,2028.962620090031,450330413.91018856,10317722.939858882
2023-12-23 00:00:00 UTC,2029.4744460744896,450220114.4771962,9270296.827496815
2023-12-24 00:00:00 UTC,2027.2868938615597,449247195.55370665,8051528.60031799
2023-12-25 00:00:00 UTC,2027.8248986384647,449112473.36561066,7450706.441216447
2023-12-26 00:00:00 UTC,2031.1734747655055,450230158.0752902,8228801.245420479
2023-12-27 00:00:00 UTC,2036.2624215424246,451189693.62143326,10687663.423468182
2023-12-28 00:00:00 UTC,2053.7834536475384,451852299.3073701,10045905.763990656
2023-12-29 00:00:00 UTC,2046.3162074972536,444925299.07824886,9335046.208302151
2023-12-30 00:00:00 UTC,2036.7235412943824,440613790.4689815,11338436.50675892
2023-12-31 00:00:00 UTC,2028.1466642244345,438945631.60961694,8671649.315114673
2024-01-01 00:00:00 UTC,2025.799822549962,438656878.67423654,7769599.240218387
2024-01-02 00:00:00 UTC,2034.7887501340792,439788435.3370269,7808263.422314985
2024-01-03 00:00:00 UTC,2037.0908491833093,438104118.70138884,11257171.55728409
2024-01-04 00:00:00 UTC,2018.7853820694565,431321063.266452,12224542.769956669
2024-01-05 00:00:00 UTC,2021.4747185755177,431766260.32285213,8608115.774571266
2024-01-06 00:00:00 UTC,2022.1260938385092,427801609.1863214,9140436.172019588
2024-01-07 00:00:00 UTC,2017.5538223718024,427430562.7334239,6988091.595718158
2024-01-08 00:00:00 UTC,2020.7997749317142,427232437.5798943,7114503.46749988
2024-01-09 00:00:00 UTC,2009.4731157045803,425269595.9331397,11007434.979447456
2024-01-10 00:00:00 UTC,2013.8838854202822,426076946.1555783,9129253.46630596
2024-01-11 00:00:00 UTC,2001.0034660939325,422133813.6430565,17404692.810348004
2024-01-12 00:00:00 UTC,2007.582992792521,424763248.33874285,16881087.292292006
2024-01-13 00:00:00 UTC,2024.8194498738478,425804556.0706893,14023408.350691294
2024-01-14 00:00:00 UTC,2019.8461317530557,424918306.2813761,8785564.771846898
2024-01-15 00:00:00 UTC,2014.053778026182,425568359.90550405,7459796.457980847
2024-01-16 00:00:00 UTC,2038.4415679870772,429304431.40620387,10226730.140420277
2024-01-17 00:00:00 UTC,2017.095386402341,422377510.0897363,8161521.857050909
2024-01-18 00:00:00 UTC,2003.269937223922,419428392.1374799,8631009.372511579
2024-01-19 00:00:00 UTC,2013.2559825120081,421515037.48479486,9154150.241266139
2024-01-20 00:00:00 UTC,2010.5166683124287,420842756.3427357,9559208.810914706
2024-01-21 00:00:00 UTC,2010.749270382843,420333255.0880871,7032175.146559932
2024-01-22 00:00:00 UTC,2006.0235267043583,419990243.1115026,7257046.17672972
2024-01-23 00:00:00 UTC,1998.8245734253474,418204154.8600967,10598199.373650327
2024-01-24 00:00:00 UTC,2008.549164088192,420424057.1495368,9065631.958327752
2024-01-25 00:00:00 UTC,2002.5555126337695,418755777.4559881,7953499.557812742
2024-01-26 00:00:00 UTC,2002.7794163646308,418763982.57374346,8867348.53305927
2024-01-27 00:00:00 UTC,1998.3643830745218,416498279.1476512,8497317.099819439
2024-01-28 00:00:00 UTC,1999.2656452746737,415965719.4027509,7899438.871735526
2024-01-29 00:00:00 UTC,2006.8724962899873,417624243.1034582,8357264.876765936
2024-01-30 00:00:00 UTC,2008.2805905021025,418141696.43482536,12209881.527307259
2024-01-31 00:00:00 UTC,2017.8646173984766,419694869.040356,12212408.095974144
2024-02-01 00:00:00 UTC,2018.2384021533508,419542757.5348087,12092703.320189508
2024-02-02 00:00:00 UTC,2033.829603547459,421074533.96076125,9663011.74015329
2024-02-03 00:00:00 UTC,2021.857667291615,417101899.8459634,8378976.71011567
2024-02-04 00:00:00 UTC,2021.5062333630503,416787487.55666584,5852068.304346009
2024-02-05 00:00:00 UTC,2019.8758596752052,416602315.72614485,6302111.022002074
2024-02-06 00:00:00 UTC,2005.9623035780187,413601067.65731317,8188900.715662785
2024-02-07 00:00:00 UTC,2016.9161658576045,414934886.10377777,7966197.94078397
2024-02-08 00:00:00 UTC,2019.7362829359681,415742279.5488317,9031301.367253445
2024-02-09 00:00:00 UTC,2010.727419753639,413873972.72670674,10739785.683579953
2024-02-10 00:00:00 UTC,2003.0728067851192,410692773.3470537,13952873.788217887
2024-02-11 00:00:00 UTC,1997.9355064678127,409558462.876594,10333741.035966279
2024-02-12 00:00:00 UTC,2005.7571076041986,410987208.9730174,7758151.612170211
2024-02-13 00:00:00 UTC,1999.8811904981708,409646139.9386532,15933343.280448517
2024-02-14 00:00:00 UTC,1994.650538828316,406914833.1256447,10428220.848817272
2024-02-15 00:00:00 UTC,1980.946727739102,404490721.9175121,12332552.094713736
2024-02-16 00:00:00 UTC,1985.2768665999781,405580922.7830514,10413422.162051067
2024-02-17 00:00:00 UTC,1987.402297814892,406023978.75599855,8717376.455135586
2024-02-18 00:00:00 UTC,1988.5509940899058,406232007.3383,8812890.202527305
2024-02-19 00:00:00 UTC,1991.0086639367998,406794785.00871456,6596127.0337716425
2024-02-20 00:00:00 UTC,1990.2667070978848,406173265.31738025,10271037.071741123
2024-02-21 00:00:00 UTC,2003.1585427799992,408397290.8065024,11470934.590494696
2024-02-22 00:00:00 UTC,2005.3651031341203,408302565.5661277,8765850.796384474
2024-02-23 00:00:00 UTC,2000.0083598667456,404262948.3531709,10321336.77232829
2024-02-24 00:00:00 UTC,2008.66425650469,405546712.4635751,9676158.84926646
2024-02-25 00:00:00 UTC,2005.6914261956779,404703348.10107714,5440287.613380388
2024-02-26 00:00:00 UTC,2007.9556232211685,405190603.587033,8183291.051637588
2024-02-27 00:00:00 UTC,2005.2409858362967,403899457.58269566,11550485.30224417
2024-02-28 00:00:00 UTC,2005.5926005125177,402091150.58079135,12287122.885708936
2024-02-29 00:00:00 UTC,2021.265721979652,405111477.8822063,18488437.283427127
2024-03-01 00:00:00 UTC,1995.0595476363587,399735731.41022056,18457136.529355295
2024-03-02 00:00:00 UTC,2023.267418729381,392898615.6727758,29434187.248026222
2024-03-03 00:00:00 UTC,2031.0344071223744,394418713.945042,12315955.466411106
2024-03-04 00:00:00 UTC,2023.121152110321,392244011.78649384,16473368.495349452
2024-03-05 00:00:00 UTC,2074.671379167588,399785014.0152321,30319887.388994474
2024-03-06 00:00:00 UTC,2096.9755932223857,400343202.2715958,35790429.35201367
2024-03-07 00:00:00 UTC,2113.1148398694318,400871025.58859915,20852985.223479725
2024-03-08 00:00:00 UTC,2130.138570052765,399663756.5252792,19529761.1319273
2024-03-09 00:00:00 UTC,2132.730635563506,398744007.56425434,17372764.06564663
2024-03-10 00:00:00 UTC,2133.2841904726606,399024812.80732673,11530190.0285296
2024-03-11 00:00:00 UTC,2140.5180477438653,400906717.1683056,12374533.801743424
2024-03-12 00:00:00 UTC,2158.4367440521714,402951610.5395722,15743230.176608846
2024-03-13 00:00:00 UTC,2144.6492373481537,398658956.8020236,14804294.617473545
2024-03-14 00:00:00 UTC,2156.972532526722,400218076.8248261,11419997.184227806
2024-03-15 00:00:00 UTC,2144.490070382553,397719886.4575155,13018061.303884264
2024-03-16 00:00:00 UTC,2135.595885907141,396580797.59141654,16503526.666141523
2024-03-17 00:00:00 UTC,2110.3968740620653,391874402.6730139,12778565.424018517
2024-03-18 00:00:00 UTC,2129.2587033755412,393969424.8647623,11968503.530436724
2024-03-19 00:00:00 UTC,2140.6630781965946,396162480.749691,12406374.305844026
2024-03-20 00:00:00 UTC,2128.13194246757,394393387.62482816,18231699.704296965
2024-03-21 00:00:00 UTC,2181.51160862419,402263461.41479844,20385501.37564488
2024-03-22 00:00:00 UTC,2171.706151485558,400525951.11771977,13364675.464080798
2024-03-23 00:00:00 UTC,2150.1272714101665,394823292.1149839,11398698.227731902
2024-03-24 00:00:00 UTC,2145.886115489524,394640524.9426021,8007633.219017226
2024-03-25 00:00:00 UTC,2159.7880510021487,397348750.72244924,8836106.158294575
2024-03-26 00:00:00 UTC,2167.736503932167,397767303.336462,12855681.537113357
2024-03-27 00:00:00 UTC,2165.262889867982,397709670.7337657,11899508.021400753
2024-03-28 00:00:00 UTC,2177.1878771124398,398783291.2032959,11195546.679793134
2024-03-29 00:00:00 UTC,2211.8348734227097,406658694.5884157,12381759.879639957
2024-03-30 00:00:00 UTC,2218.4783448168714,406976072.3086775,8363649.2572182305
2024-03-31 00:00:00 UTC,2208.0736839959586,406090839.18498313,7721234.630140757
2024-04-01 00:00:00 UTC,2219.55709565763,407533985.3946052,7695518.242233409
2024-04-02 00:00:00 UTC,2236.0513895590598,411088107.5127848,10864196.198651055
2024-04-03 00:00:00 UTC,2263.962438910178,415402441.87913054,15014966.47953487
2024-04-04 00:00:00 UTC,2303.9566770388724,421843266.396864,20255207.64551673
2024-04-05 00:00:00 UTC,2271.1525351943583,415668415.0958411,11871795.567974161
2024-04-06 00:00:00 UTC,2319.689349867403,425584588.2422732,16006684.673428653
2024-04-07 00:00:00 UTC,2301.6021647103444,421487866.49199927,10662078.70240217
2024-04-08 00:00:00 UTC,2289.9428105974675,420407945.09107953,9364133.909437852
2024-04-09 00:00:00 UTC,2320.723596487756,425651826.2596362,9530338.018863007
2024-04-10 00:00:00 UTC,2336.8042471261338,427770300.1777387,9173631.455920188
2024-04-11 00:00:00 UTC,2323.6100942214593,424586928.77115077,10500453.10440974
2024-04-12 00:00:00 UTC,2367.152680126834,432078191.2324951,7196488.664896199
2024-04-13 00:00:00 UTC,2358.2261221844146,430136200.03550273,25103705.982427645
2024-04-14 00:00:00 UTC,2457.901512524764,449296260.2588762,103878042.21725889
2024-04-15 00:00:00 UTC,2393.496033151291,437239978.5893342,43389657.66379733
2024-04-16 00:00:00 UTC,2441.027959988532,445897764.6458374,34822776.3824345
2024-04-17 00:00:00 UTC,2401.8638650901767,438482346.2813672,28639616.982731402
2024-04-18 00:00:00 UTC,2389.1552360644528,438332915.85164,15935690.708277687
2024-04-19 00:00:00 UTC,2386.6417529911014,438028076.1589536,10671847.43089021
2024-04-20 00:00:00 UTC,2401.1380336701386,440169035.67674613,28276479.19998511
2024-04-21 00:00:00 UTC,2390.8699479768334,438328870.766681,11443223.936234716
2024-04-22 00:00:00 UTC,2375.2329575950275,435850958.42484844,8303600.94503135
2024-04-23 00:00:00 UTC,2325.0661529313516,428545222.55345845,12086612.476072589
2024-04-24 00:00:00 UTC,2310.269767045306,425451483.55244267,12358819.318443295
2024-04-25 00:00:00 UTC,2298.1507342133727,423603414.2799444,8769061.468768904
2024-04-26 00:00:00 UTC,2326.4487744651606,428639031.5728957,10513551.439637622
2024-04-27 00:00:00 UTC,2342.5670890858178,431841882.9477626,6387623.645263452
2024-04-28 00:00:00 UTC,2357.8661784539963,434826138.0056012,6662544.358460241
2024-04-29 00:00:00 UTC,2351.8734543586907,433114014.8987507,6993009.228328378
2024-04-30 00:00:00 UTC,2345.5877556913547,432154398.2862729,7354203.86592167
2024-05-01 00:00:00 UTC,2297.2924953263,424004724.16825676,10588014.161159711
2024-05-02 00:00:00 UTC,2306.8838862296125,426652895.95887357,12693065.946802223
2024-05-03 00:00:00 UTC,2292.178397013207,423295878.8200413,7460284.129085405
2024-05-04 00:00:00 UTC,2289.4986158030765,423025120.550557,8713227.807336772
2024-05-05 00:00:00 UTC,2287.4393011676216,422129078.3564678,7475389.802623241
2024-05-06 00:00:00 UTC,2286.0090589347133,422050452.6886717,4707024.529796127
2024-05-07 00:00:00 UTC,2303.4316067875325,425241975.8586032,9105422.875599511
2024-05-08 00:00:00 UTC,2289.1619043226256,422578542.5992361,6357924.707499593
2024-05-09 00:00:00 UTC,2296.9157491785318,423135594.65903467,8356093.081150669
2024-05-10 00:00:00 UTC,2338.569662549395,431380562.9358815,9285073.495340988
2024-05-11 00:00:00 UTC,2331.2920691534464,429628541.03946453,10956913.15667965
2024-05-12 00:00:00 UTC,2338.030572237505,430740873.9072892,3989450.3580578063
2024-05-13 00:00:00 UTC,2341.626273123878,431547481.1912478,3562817.770357334
2024-05-14 00:00:00 UTC,2321.508986505234,427603172.85297376,8227930.819833821
2024-05-15 00:00:00 UTC,2340.8102061690747,431338346.5481042,5924384.039338143
2024-05-16 00:00:00 UTC,2378.181346788403,438671308.95340717,10227488.323849684
2024-05-17 00:00:00 UTC,2361.1811069708097,435133327.46172756,7088422.8084369665
2024-05-18 00:00:00 UTC,2393.9652131969215,440633640.98814696,7279482.902938185
2024-05-19 00:00:00 UTC,2382.953360140735,439205433.31555617,4086398.3927311185
2024-05-20 00:00:00 UTC,2411.2124234107987,443831927.0606128,9137939.105189677
2024-05-21 00:00:00 UTC,2413.4839060587187,444595248.7714565,16307479.247213494
2024-05-22 00:00:00 UTC,2403.5292126043614,441726850.717879,11378960.572863713
2024-05-23 00:00:00 UTC,2386.5462242592894,438536514.62771004,10524711.601173498
2024-05-24 00:00:00 UTC,2343.039768426346,431381693.31937855,12971204.915172255
2024-05-25 00:00:00 UTC,2343.26079764918,430741160.8984371,10661095.84474142
2024-05-26 00:00:00 UTC,2344.470957559218,430626822.29525745,4074323.2783385795
2024-05-27 00:00:00 UTC,2348.931163503386,432082648.0966799,3736707.1853178837
2024-05-28 00:00:00 UTC,2355.4407359216775,432827980.3016152,6532487.002854039
2024-05-29 00:00:00 UTC,2346.6672092343397,431836597.14405024,8817848.4738481
2024-05-30 00:00:00 UTC,2326.497775764418,427841912.9246627,6085986.245198572
2024-05-31 00:00:00 UTC,2334.969324087953,429381456.7596172,7536150.781437671
2024-06-01 00:00:00 UTC,2332.0421435842795,429985734.82815033,6727441.039625337
2024-06-02 00:00:00 UTC,2342.8216169374587,431666855.25982535,4543691.677800814
2024-06-03 00:00:00 UTC,2331.352898442716,429638572.2454739,4787196.861466507
2024-06-04 00:00:00 UTC,2345.2654962771016,433041943.78215754,6856428.354495501
2024-06-05 00:00:00 UTC,2337.5033576296846,431406491.82955027,6158061.067750786
2024-06-06 00:00:00 UTC,2359.197380234718,435245882.78270173,6222597.562936345
2024-06-07 00:00:00 UTC,2364.7094334876924,436622721.4498946,5555865.2720491765
2024-06-08 00:00:00 UTC,2302.702508904184,424765294.55955154,12408109.748784747
2024-06-09 00:00:00 UTC,2303.027475819218,425207879.21483284,3571678.3399816216
2024-06-10 00:00:00 UTC,2309.877493677973,426621364.0434154,3760902.9585819617
2024-06-11 00:00:00 UTC,2316.449848759161,430433438.7292307,4652427.762492123
2024-06-12 00:00:00 UTC,2311.379739178166,429920072.5602731,8239742.75158697
2024-06-13 00:00:00 UTC,2315.2056261849752,430441043.2885809,9689545.260228746
2024-06-14 00:00:00 UTC,2295.435607597827,426948706.75159955,5631525.106068239
2024-06-15 00:00:00 UTC,2316.663281941433,430829020.92417485,13118442.609660959
2024-06-16 00:00:00 UTC,2333.3787998571543,433899309.64532745,7203047.508550166
2024-06-17 00:00:00 UTC,2323.937343943202,432044081.12192106,5960133.995476454
2024-06-18 00:00:00 UTC,2314.1933221031927,430039667.8437584,4297496.309739417
2024-06-19 00:00:00 UTC,2317.3664277933867,430511515.8974612,7504257.404105664
2024-06-20 00:00:00 UTC,2318.095438225421,430877598.83619,5000106.362760362
2024-06-21 00:00:00 UTC,2337.6473266938665,434284097.3244831,6400185.839148157
2024-06-22 00:00:00 UTC,2320.0169355291005,431361248.9989331,7657954.663429474
2024-06-23 00:00:00 UTC,2317.470619890834,430548686.5352307,2932946.5709630554
2024-06-24 00:00:00 UTC,2310.5849443338925,429411643.05758655,3347678.1932036434
2024-06-25 00:00:00 UTC,2309.629712668758,429982460.2690352,9158780.219557881
2024-06-26 00:00:00 UTC,2303.4271188716702,428022511.5552895,6893907.095761096
2024-06-27 00:00:00 UTC,2290.7313162016076,425677988.00914437,5475875.47891602
2024-06-28 00:00:00 UTC,2305.776110546244,428405834.28216106,4800313.931669162
2024-06-29 00:00:00 UTC,2305.564207368357,428401230.0736539,4220548.007963756
2024-06-30 00:00:00 UTC,2302.982898288489,428200381.3288033,2325303.9063927424
2024-07-01 00:00:00 UTC,2307.383876042353,428488299.735805,3403163.713505766
2024-07-02 00:00:00 UTC,2312.9294719242193,429819725.4860645,5695863.219753724
2024-07-03 00:00:00 UTC,2318.7868868342257,430817296.81995,4643381.838806546
2024-07-04 00:00:00 UTC,2339.6984244597998,434566537.71062845,26748861.906308036
2024-07-05 00:00:00 UTC,2322.736258350034,431296403.65605056,12744389.960661521
2024-07-06 00:00:00 UTC,2353.8249429180405,437510038.3692679,18474668.564291902
2024-07-07 00:00:00 UTC,2354.146441826798,437180543.8876612,6337124.384752187
2024-07-08 00:00:00 UTC,2352.2667410846957,436009539.1399746,7082882.557412559
2024-07-09 00:00:00 UTC,2345.325881459482,434901498.78232497,10576182.427435042
2024-07-10 00:00:00 UTC,2342.505611754563,434492862.524536,4876351.183797092
2024-07-11 00:00:00 UTC,2353.1743095941415,436172316.2568712,8403375.990481718
2024-07-12 00:00:00 UTC,2388.625352984217,442812285.1637288,11894247.903340854
2024-07-13 00:00:00 UTC,2389.4665046862765,442194221.5372657,8047162.276509486
2024-07-14 00:00:00 UTC,2384.861424387257,441661410.31969976,6467578.178573018
2024-07-15 00:00:00 UTC,2389.8593299655377,441939225.6082086,8653749.692401601
2024-07-16 00:00:00 UTC,2405.674708481973,444763170.7970923,12639399.06603021
2024-07-17 00:00:00 UTC,2448.5115096346713,453312703.2935971,20323881.62805952
2024-07-18 00:00:00 UTC,2440.6556258569217,451234538.4813575,11214685.023316568
2024-07-19 00:00:00 UTC,2424.265795788993,448578844.198122,8345830.737910723
2024-07-20 00:00:00 UTC,2407.742756913609,445825023.1908989,33397887.911544118
2024-07-21 00:00:00 UTC,2402.2370194171012,444948328.3015504,9237057.084033392
2024-07-22 00:00:00 UTC,2410.942186966089,446162070.64717406,6970695.555256283
2024-07-23 00:00:00 UTC,2392.942197201676,446622769.1124209,11041381.028182643
2024-07-24 00:00:00 UTC,2397.8545267833642,447701184.23902553,10538910.515254019
2024-07-25 00:00:00 UTC,2394.1096509306935,446906722.3861743,12205131.941350503
2024-07-26 00:00:00 UTC,2367.6277293501853,441975408.25011575,15709034.830488477
2024-07-27 00:00:00 UTC,2387.6434374090873,446691900.1391959,8958328.692198914
2024-07-28 00:00:00 UTC,2384.132318666613,446004371.39310884,6331647.375173379
2024-07-29 00:00:00 UTC,2395.125926799347,447819504.3957762,4898871.146122786
2024-07-30 00:00:00 UTC,2385.3424149589937,446226554.19513446,8252532.838249943
2024-07-31 00:00:00 UTC,2399.674610314256,448960995.4200798,7134843.792162206
2024-08-01 00:00:00 UTC,2429.756885011703,454426685.6299651,11646403.83164919
2024-08-02 00:00:00 UTC,2433.881822085484,455341938.5801021,17116777.111787856
2024-08-03 00:00:00 UTC,2447.7848519378376,457706857.17543423,23296756.810852103
2024-08-04 00:00:00 UTC,2466.1996313305804,461321843.8022717,17743613.612688813
2024-08-05 00:00:00 UTC,2442.3685581791365,457687235.0083491,25910229.571527727
2024-08-06 00:00:00 UTC,2391.440043186486,445170037.52548844,66219328.15430489
2024-08-07 00:00:00 UTC,2385.249389619638,447638000.62333506,23253875.621078506
2024-08-08 00:00:00 UTC,2373.2147759924205,444912480.9868766,19269980.60654603
2024-08-09 00:00:00 UTC,2416.421505746307,453413837.76221406,15078481.328437265
2024-08-10 00:00:00 UTC,2421.1002441375854,453571929.73019385,12384603.989903191
2024-08-11 00:00:00 UTC,2427.540027109972,455170199.18195075,4740217.885917244
2024-08-12 00:00:00 UTC,2431.5875710973514,455594430.96808505,10457816.56801151
2024-08-13 00:00:00 UTC,2465.5913552943016,462292593.5310051,15123642.58317001
2024-08-14 00:00:00 UTC,2455.832079838461,461497727.4448921,24342546.972078614
2024-08-15 00:00:00 UTC,2444.8726797786685,459040524.03981197,14077950.158204822
2024-08-16 00:00:00 UTC,2451.3006255561627,460433336.83123726,13332590.688526098
2024-08-17 00:00:00 UTC,2490.628487318475,467726217.6044015,25691515.01639847
2024-08-18 00:00:00 UTC,2518.314190473272,473293755.6078168,12642451.9883851
2024-08-19 00:00:00 UTC,2499.302374007594,469590642.82944465,7994559.350544796
2024-08-20 00:00:00 UTC,2504.6908989397125,471548838.1707785,12606925.851051537
2024-08-21 00:00:00 UTC,2505.4994123680267,471823246.02055013,12287452.073259296
2024-08-22 00:00:00 UTC,2505.1839913683416,471795946.81513155,10506867.276919886
2024-08-23 00:00:00 UTC,2486.8408234224507,468228082.89194,9549606.337607352
2024-08-24 00:00:00 UTC,2510.352985706497,473078572.8176402,14347405.40929183
2024-08-25 00:00:00 UTC,2514.398420350616,474468457.872034,7831057.94885435
2024-08-26 00:00:00 UTC,2509.925634208622,473511676.52389926,7926875.238553734
2024-08-27 00:00:00 UTC,2508.4362067739307,473343384.67029417,14117894.791789021
2024-08-28 00:00:00 UTC,2506.285832696519,472937607.8196169,15767742.376350211
2024-08-29 00:00:00 UTC,2497.176842574949,472880419.4688082,11642450.363432363
2024-08-30 00:00:00 UTC,2509.281600205089,473539779.7815514,8723599.718797147
2024-08-31 00:00:00 UTC,2496.951132340769,471234234.35550845,10587684.765576659
2024-09-01 00:00:00 UTC,2495.6631449013084,470646039.2740308,4143165.6688546487
2024-09-02 00:00:00 UTC,2493.4556520927904,470078318.0692603,8943739.508263508
2024-09-03 00:00:00 UTC,2496.7865390332486,471034676.67107487,11691894.063702434
2024-09-04 00:00:00 UTC,2490.1900820677547,469936918.59063935,9754715.065870406
2024-09-05 00:00:00 UTC,2498.6103152009096,471584706.92098427,10748840.252225602
2024-09-06 00:00:00 UTC,2509.7771812641786,473814085.08107066,13791650.220083505
2024-09-07 00:00:00 UTC,2503.367760668255,472474287.78400385,24922201.11567046
2024-09-08 00:00:00 UTC,2495.1999353740007,470905883.78098375,6703552.412657728
2024-09-09 00:00:00 UTC,2494.61462253347,470706727.2323185,5227325.567053212
2024-09-10 00:00:00 UTC,2505.0087281477613,476141767.21521515,10201984.20106967
2024-09-11 00:00:00 UTC,2517.275025029368,478048489.91253656,10238938.598289473
2024-09-12 00:00:00 UTC,2513.6698136307577,477341587.608637,11117235.554008812
2024-09-13 00:00:00 UTC,2552.2478174486578,485160518.40371424,19508263.8383179
2024-09-14 00:00:00 UTC,2582.1088871559473,490573412.3535065,13538186.552912416
2024-09-15 00:00:00 UTC,2578.3117126510556,489462199.14833546,5839713.376646771
2024-09-16 00:00:00 UTC,2581.4752661673747,490277605.5758507,8245346.996338785
2024-09-17 00:00:00 UTC,2589.032031615641,491673401.81854016,15551923.994659195
2024-09-18 00:00:00 UTC,2582.6303717112623,490714712.1202681,14588421.82617822
2024-09-19 00:00:00 UTC,2581.9465872204632,491832589.85311717,17073350.967162702
2024-09-20 00:00:00 UTC,2589.1216082361984,493767193.26526177,16864194.93917869
2024-09-21 00:00:00 UTC,2622.495215465831,501233217.8439992,16059837.505439308
2024-09-22 00:00:00 UTC,2629.9830528140537,502533549.8107567,6952435.833079666
2024-09-23 00:00:00 UTC,2619.713111656687,500680623.0244969,11053405.529917527
2024-09-24 00:00:00 UTC,2626.3619820928157,501798081.0529384,10499564.07400376
2024-09-25 00:00:00 UTC,2652.7616317948623,507194982.9619836,12737339.889666187
2024-09-26 00:00:00 UTC,2655.4521796775434,507015887.15599924,14757472.264257211
2024-09-27 00:00:00 UTC,2661.209006210741,508430651.07541037,13328540.383868095
2024-09-28 00:00:00 UTC,2654.967038003747,507418367.6000254,14837939.549488582
2024-09-29 00:00:00 UTC,2661.0450360739906,508745599.08325535,6665408.900368693
2024-09-30 00:00:00 UTC,2663.7030203050067,509275580.703192,7211989.9954070235
2024-10-01 00:00:00 UTC,2637.7669277977,505205961.0778667,18534366.863987997
2024-10-02 00:00:00 UTC,2678.339049265264,513511517.8966232,41264794.411123455
2024-10-03 00:00:00 UTC,2667.8488907881056,510953630.75928986,23418197.828886826
2024-10-04 00:00:00 UTC,2663.3233514959443,511155348.78221226,16483439.768694984
2024-10-05 00:00:00 UTC,2663.7880661668573,511054301.8257408,18509005.902165167
2024-10-06 00:00:00 UTC,2684.9013322399587,515405381.39971477,20040349.63953173
2024-10-07 00:00:00 UTC,2677.471098733699,514072873.2526366,9074872.335675102
2024-10-08 00:00:00 UTC,2653.6021276816364,510991473.6746992,21266602.373152338
2024-10-09 00:00:00 UTC,2633.506702529525,508358929.7174667,15945244.94562253
2024-10-10 00:00:00 UTC,2615.301494669588,506728845.5531054,9008759.117011197
2024-10-11 00:00:00 UTC,2643.1709523400827,511483038.3485168,15257528.636394227
2024-10-12 00:00:00 UTC,2669.961864865891,516512146.60442317,11844556.795369748
2024-10-13 00:00:00 UTC,2661.2059408671266,515067771.5803484,6149223.511627249
2024-10-14 00:00:00 UTC,2663.556691644691,515522751.76280886,8711133.891737169
2024-10-15 00:00:00 UTC,2660.8736781848124,515204128.9479043,15217039.534353407
2024-10-16 00:00:00 UTC,2668.1487159840053,517460924.7350096,14899984.946240738
2024-10-17 00:00:00 UTC,2677.0879246514546,518700909.21280587,13097003.900164023
2024-10-18 00:00:00 UTC,2704.597691470064,524333851.5568434,14956404.268288363
2024-10-19 00:00:00 UTC,2729.475611486425,529317597.5416305,16755321.740655653
2024-10-20 00:00:00 UTC,2743.486944631388,532129199.09723574,10852608.236840582
2024-10-21 00:00:00 UTC,2741.303076449445,531648485.86609304,12221665.723474406
2024-10-22 00:00:00 UTC,2732.4421570603217,530821276.9230549,18963841.858305227
2024-10-23 00:00:00 UTC,2757.443645656379,536929753.6457732,18946617.268872797
2024-10-24 00:00:00 UTC,2740.555256288054,535053204.6638718,25326110.705264207
2024-10-25 00:00:00 UTC,2755.6713695818494,539720378.5458587,18510319.45540949
2024-10-26 00:00:00 UTC,2767.810602217272,542077220.6184675,27692370.76967077
2024-10-27 00:00:00 UTC,2761.6054827390008,541143280.1895809,17692995.43941492
2024-10-28 00:00:00 UTC,2746.6479199482474,538219811.9519167,12813806.415466959
2024-10-29 00:00:00 UTC,2752.271577017574,540551545.3483999,16891203.057480697
2024-10-30 00:00:00 UTC,2767.2790454420606,543374486.9983097,22383235.835092574
2024-10-31 00:00:00 UTC,2782.482371530715,547579459.6068505,15731666.39562334
2024-11-01 00:00:00 UTC,2748.700686101243,541118232.5488269,22343826.304097656
2024-11-02 00:00:00 UTC,2743.7848301731165,540704897.0093604,16880098.761692226
2024-11-03 00:00:00 UTC,2754.289326213775,543045355.4648081,8360322.901472281
2024-11-04 00:00:00 UTC,2747.121583765451,541926095.1039586,11924879.502902292
2024-11-05 00:00:00 UTC,2745.122996383511,542366814.2755592,10865464.977879805
2024-11-06 00:00:00 UTC,2732.535631942254,540141760.0309578,13319450.750983242
2024-11-07 00:00:00 UTC,2655.5255199727594,524697124.88093805,61511162.156217225
2024-11-08 00:00:00 UTC,2710.8274654770385,535644487.31609076,34467854.08611715
2024-11-09 00:00:00 UTC,2674.544182830868,529463534.47396606,19113885.134328477
2024-11-10 00:00:00 UTC,2663.6345250956706,528873927.808624,13273517.344606163
2024-11-11 00:00:00 UTC,2663.4899404323487,526835587.82802975,34680275.425119616
2024-11-12 00:00:00 UTC,2602.8924665813734,515402750.66071504,39791191.776903465
2024-11-13 00:00:00 UTC,2567.099875673071,506758901.8502217,67809351.80668817
2024-11-14 00:00:00 UTC,2569.8454196275993,507958517.68237704,34888077.88226528
2024-11-15 00:00:00 UTC,2557.3794108179427,505808687.81296825,28673997.234471664
2024-11-16 00:00:00 UTC,2570.3502299098095,506354998.8934864,22414440.932282723
2024-11-17 00:00:00 UTC,2564.866257102395,505239611.26146126,15482700.098839076
2024-11-18 00:00:00 UTC,2582.4985142650826,509251368.38641244,14661966.932223894
2024-11-19 00:00:00 UTC,2621.877390159641,517219590.2924468,24158186.854025725
2024-11-20 00:00:00 UTC,2648.198347142524,522187046.08321595,26480667.24610229
2024-11-21 00:00:00 UTC,2655.1786363880124,523229018.690054,24601543.18851331
2024-11-22 00:00:00 UTC,2668.9612592639573,526283837.9858903,35772190.1403111
2024-11-23 00:00:00 UTC,2722.7558725394997,537699075.8983724,28965306.23567215
2024-11-24 00:00:00 UTC,2727.3396244781507,538694808.6072507,22303621.094491366
2024-11-25 00:00:00 UTC,2732.683631620536,540008560.8835657,22340776.58531299
2024-11-26 00:00:00 UTC,2630.405673102014,519935285.57297087,40748879.86757193
2024-11-27 00:00:00 UTC,2637.4297758917173,521335266.26693493,24019320.82639836
2024-11-28 00:00:00 UTC,2645.7108814669145,522522090.86589193,23053991.121483322
2024-11-29 00:00:00 UTC,2637.3776513296675,520661499.35424,12997088.480530832
2024-11-30 00:00:00 UTC,2643.2499540404083,523051212.84628594,18051256.774385687
2024-12-01 00:00:00 UTC,2639.1600032671454,522310263.0527827,11072610.953527426
2024-12-02 00:00:00 UTC,2651.900520263394,524822393.9949928,13837301.68582555
2024-12-03 00:00:00 UTC,2640.2054250620504,522710779.3970225,27138823.0239036
2024-12-04 00:00:00 UTC,2639.3627564705653,522516836.5957858,23145800.121348828
2024-12-05 00:00:00 UTC,2639.556864007791,522625100.24546045,34183521.34410539
2024-12-06 00:00:00 UTC,2636.634996565292,521689530.81608367,46632752.335078225
2024-12-07 00:00:00 UTC,2634.0335389363718,521159840.7080803,26475062.98967492
2024-12-08 00:00:00 UTC,2622.5337002221213,519443187.46482354,12307284.04104126
2024-12-09 00:00:00 UTC,2640.2908514898645,522748656.9598835,12500930.045267014
2024-12-10 00:00:00 UTC,2659.347795906293,525506039.0525348,50270287.513047
2024-12-11 00:00:00 UTC,2685.580241674035,531202149.7408195,58163309.78815619
2024-12-12 00:00:00 UTC,2700.8616068060137,534520870.19932103,44850086.71571917
2024-12-13 00:00:00 UTC,2678.289003663254,530187355.7678444,29067506.188428763
2024-12-14 00:00:00 UTC,2666.8724581497313,528629596.6904196,21210087.422081504
2024-12-15 00:00:00 UTC,2648.779928000893,525399209.7418991,13852800.057082064
2024-12-16 00:00:00 UTC,2652.903644519709,527111096.0922358,13181285.681900976
2024-12-17 00:00:00 UTC,2656.2620799108117,527055434.0040941,24016623.846745133
2024-12-18 00:00:00 UTC,2652.614479812923,526397041.69460416,17060255.550800793
2024-12-19 00:00:00 UTC,2593.2877751158985,514971574.4694241,25199645.008130107
2024-12-20 00:00:00 UTC,2607.166022608737,518419072.35660064,49491313.477990784
2024-12-21 00:00:00 UTC,2629.8333740703256,522723019.9878952,30311866.56839564
2024-12-22 00:00:00 UTC,2623.826384997299,521160022.95800096,11200890.721822968
2024-12-23 00:00:00 UTC,2619.2021551554326,520605294.2081762,9285275.031788446
2024-12-24 00:00:00 UTC,2617.284006543979,520393921.43112123,20883220.893213533
2024-12-25 00:00:00 UTC,2630.2380141215144,522757732.47186774,11248326.298097942
2024-12-26 00:00:00 UTC,2639.215673239535,524465555.28563493,11999893.35272675
2024-12-27 00:00:00 UTC,2652.40798126624,527190690.56244373,13632778.445726983
2024-12-28 00:00:00 UTC,2641.996110344414,525104897.28540516,13672308.91732713
2024-12-29 00:00:00 UTC,2651.9088551754644,527290718.6645861,9852102.299137414
2024-12-30 00:00:00 UTC,2645.491912437337,526171483.9492971,8128841.881500701
2024-12-31 00:00:00 UTC,2620.543217223708,522721181.63232976,13324522.921284942
2025-01-01 00:00:00 UTC,2630.5791545573306,525121029.62276804,12743619.178109052
2025-01-02 00:00:00 UTC,2624.852602895845,523600247.0898676,6539557.398924163
2025-01-03 00:00:00 UTC,2652.7773783218663,529411188.7308619,13295384.589321803
2025-01-04 00:00:00 UTC,2646.2857312578776,528075072.8139071,14045179.989179676
2025-01-05 00:00:00 UTC,2647.063095469123,528530912.0535439,5174152.601767906
2025-01-06 00:00:00 UTC,2645.0334153193476,527771365.77745473,4650467.109245544
2025-01-07 00:00:00 UTC,2656.477447446617,531259311.399534,11346105.48746819
2025-01-08 00:00:00 UTC,2649.0089583288013,529724523.3261711,18353711.492079634
2025-01-09 00:00:00 UTC,2664.550402386917,533180816.7377877,19065309.9473577
2025-01-10 00:00:00 UTC,2674.9478870505477,534738309.7017163,14910649.74872079
2025-01-11 00:00:00 UTC,2686.404917204348,537650183.0287699,13209326.016123641
2025-01-12 00:00:00 UTC,2695.026144705112,538957174.6525714,7935065.0716464855
2025-01-13 00:00:00 UTC,2698.7017518677403,539541794.7733712,8019729.772664491
2025-01-14 00:00:00 UTC,2674.3520840672963,534806310.4395227,25291395.468890984
2025-01-15 00:00:00 UTC,2673.14290265264,534519232.1473265,12530793.396841498
2025-01-16 00:00:00 UTC,2696.2867189799176,539445907.3751839,23838410.878070187
2025-01-17 00:00:00 UTC,2716.7913980113385,543097637.4628415,20811652.58201294
2025-01-18 00:00:00 UTC,2699.921984039938,539830048.6567746,21441257.89237766
2025-01-19 00:00:00 UTC,2692.469727639792,538583924.2333907,18219048.82335577
2025-01-20 00:00:00 UTC,2670.297451887839,536407066.882093,24000028.292653136
2025-01-21 00:00:00 UTC,2696.406794284747,538066026.7766496,35467971.31255602
2025-01-22 00:00:00 UTC,2742.581346976121,556508793.6178582,27610602.66686986
2025-01-23 00:00:00 UTC,2750.9583776382633,558963086.5246499,28617117.295345806
2025-01-24 00:00:00 UTC,2748.528563620563,558515757.4018003,23264110.418434944
2025-01-25 00:00:00 UTC,2761.1216354267854,560670667.5217083,23971181.374224722
2025-01-26 00:00:00 UTC,2763.9557330966854,562013805.4046848,11203461.425623246
2025-01-27 00:00:00 UTC,2753.688591723359,560088430.7930646,10604868.83058144
2025-01-28 00:00:00 UTC,2742.4650117278566,557291528.087813,28810805.99577582
2025-01-29 00:00:00 UTC,2764.9382977521354,559504912.9781078,21197608.047441885
2025-01-30 00:00:00 UTC,2759.1762290110146,558589813.8725191,19094240.116047885
2025-01-31 00:00:00 UTC,2790.237173314456,564532691.341915,20765563.13570971
2025-02-01 00:00:00 UTC,2805.422189105587,568029058.8088524,25876075.269262828
2025-02-02 00:00:00 UTC,2813.5616491668657,570092057.6912979,21000333.610925026
2025-02-03 00:00:00 UTC,2822.9825719497126,571257091.072463,102164612.31977001
2025-02-04 00:00:00 UTC,2834.4838241474604,574019893.1105007,84464838.61101264
2025-02-05 00:00:00 UTC,2854.361572681691,581374191.4730629,31015078.895162247
2025-02-06 00:00:00 UTC,2925.100101052979,596281851.8728067,69765331.69167405
2025-02-07 00:00:00 UTC,2883.6300098820243,589765132.3862244,55410965.75448762
2025-02-08 00:00:00 UTC,2880.0415398177784,593327241.0716177,38228237.09246462
2025-02-09 00:00:00 UTC,2875.021526543253,591924865.2841994,17111862.791043643
2025-02-10 00:00:00 UTC,2901.4211623815045,597830013.0524967,19363065.589356467
2025-02-11 00:00:00 UTC,2932.1125287976065,607180457.2636862,33792277.31113614
2025-02-12 00:00:00 UTC,2913.168936841624,604682236.6005023,54278559.66873176
2025-02-13 00:00:00 UTC,2918.7192799139407,597795104.3670195,40644296.8957886
2025-02-14 00:00:00 UTC,2949.324922139173,606139623.9838059,30423530.57958677
2025-02-15 00:00:00 UTC,2911.9994714598715,599403725.887023,34565602.024793334
2025-02-16 00:00:00 UTC,2906.116095887079,598414435.2125516,14390674.295258645
2025-02-17 00:00:00 UTC,2903.075835260082,597579579.1795602,17382652.146196716
2025-02-18 00:00:00 UTC,2913.2120002629604,599873786.6733166,25828065.125547387
2025-02-19 00:00:00 UTC,2951.0391695808244,607685468.926811,26946922.194214568
2025-02-20 00:00:00 UTC,2944.4579406999574,609801283.8481623,27742475.01598286
2025-02-21 00:00:00 UTC,2952.7334586313737,612941189.2263594,37753986.24358277
2025-02-22 00:00:00 UTC,2948.5431626484615,612010440.2715702,29025483.97396349
2025-02-23 00:00:00 UTC,2954.5488709662277,613081247.6793253,16238180.061137818
2025-02-24 00:00:00 UTC,2968.2113038487905,616046254.741609,28039156.748411715
2025-02-25 00:00:00 UTC,2974.9668116928437,616589445.5990689,39606755.06495882
2025-02-26 00:00:00 UTC,2935.8235042785377,611487493.2167939,67294348.13960184
2025-02-27 00:00:00 UTC,2928.765792959643,612578133.7317376,39492799.041055635
2025-02-28 00:00:00 UTC,2885.966118432054,603614942.9230114,38011733.694316484
2025-03-01 00:00:00 UTC,2859.7571512141126,598028277.0166876,48627491.75640445
2025-03-02 00:00:00 UTC,2850.760871874552,596219401.3324733,22721892.244739328
2025-03-03 00:00:00 UTC,2871.2230654950044,600020445.6659561,44675958.00847458
2025-03-04 00:00:00 UTC,2889.457146284556,604357862.7436194,37270522.009432554
2025-03-05 00:00:00 UTC,2928.191698901688,612309139.7033786,50280676.17796914
2025-03-06 00:00:00 UTC,2931.7001582718653,614326690.6404862,31061531.128489267
2025-03-07 00:00:00 UTC,2925.721896506671,613044507.607883,33647176.53389733
2025-03-08 00:00:00 UTC,2927.5036831652633,613293647.0948755,32865608.064911336
2025-03-09 00:00:00 UTC,2936.8677960806276,615528028.6453137,16540708.585713526
2025-03-10 00:00:00 UTC,2933.817411155797,614566565.195478,27577975.69973282
2025-03-11 00:00:00 UTC,2892.2033138090337,608416871.7395096,45191502.36414895
2025-03-12 00:00:00 UTC,2921.761386196034,614690278.8001848,31608052.56846934
2025-03-13 00:00:00 UTC,2947.831958304812,620120621.8153934,50573855.68858369
2025-03-14 00:00:00 UTC,3002.8829035507265,632821457.946901,41072437.01954159
2025-03-15 00:00:00 UTC,2994.5797741694823,632308539.4079863,40970797.88841585
2025-03-16 00:00:00 UTC,2996.95704531307,632779631.988477,19597748.978212
2025-03-17 00:00:00 UTC,3000.6625870332023,633580499.3627343,15704887.539693058
2025-03-18 00:00:00 UTC,3011.9458926817765,637183079.0913268,28831700.812841967
2025-03-19 00:00:00 UTC,3065.8437894091057,649757263.3666788,62439075.7508711
2025-03-20 00:00:00 UTC,3064.773601272858,652007337.3630348,47274071.19214701
2025-03-21 00:00:00 UTC,3055.911010419972,653783639.20374,28488802.73430099
2025-03-22 00:00:00 UTC,3042.26852770389,651232991.9897177,59573741.03981194
2025-03-23 00:00:00 UTC,3050.9037113006375,652785626.4450841,17238269.750982106
2025-03-24 00:00:00 UTC,3054.4197980712365,653564262.4768057,23992708.198916197
2025-03-25 00:00:00 UTC,3017.8716777314794,648222499.5742531,39001032.30926518
2025-03-26 00:00:00 UTC,3028.4651697899913,655028535.1319298,33076000.532535702
2025-03-27 00:00:00 UTC,3023.864992952561,655210643.3366178,24651186.284804046
2025-03-28 00:00:00 UTC,3058.778233014088,662768779.9838187,40097821.771548
2025-03-29 00:00:00 UTC,3092.7686891785147,671522917.2695929,61133561.4721805
2025-03-30 00:00:00 UTC,3114.3981265191615,676015314.3528311,40668082.69127749
2025-03-31 00:00:00 UTC,3108.3264641430474,674995382.1696647,45364825.11237778
2025-04-01 00:00:00 UTC,3147.7890337671115,683270691.5313224,95452932.83238283
2025-04-02 00:00:00 UTC,3132.4233864096564,686215145.9724979,67910575.00940606
2025-04-03 00:00:00 UTC,3187.506306048791,701325103.3158985,74893091.92631009
2025-04-04 00:00:00 UTC,3125.2918026670504,689861282.5872098,149111427.85979047
2025-04-05 00:00:00 UTC,3054.076038561378,677878203.2276086,99791063.86330955
2025-04-06 00:00:00 UTC,3067.6095891476994,680883585.8156704,35652260.24770679
2025-04-07 00:00:00 UTC,2999.0242823421936,665118285.212271,70652704.70792708
2025-04-08 00:00:00 UTC,3010.1180079018645,671927183.1384773,169181029.54994434
2025-04-09 00:00:00 UTC,2997.3036612351425,670849578.2085911,65968965.18167254
2025-04-10 00:00:00 UTC,3097.383685380969,694464727.6900346,148492900.0022532
2025-04-11 00:00:00 UTC,3212.9317641474513,722651047.1303197,104099788.02709128
2025-04-12 00:00:00 UTC,3263.1276488242706,735484691.1121556,166872732.5261207
2025-04-13 00:00:00 UTC,3243.662578130572,731320067.8562437,77104266.49033889
2025-04-14 00:00:00 UTC,3244.6726163031767,731275726.6751324,64153340.96198213
2025-04-15 00:00:00 UTC,3234.9430914104382,737603800.4533339,75164098.87046331
2025-04-16 00:00:00 UTC,3260.8330610067655,745940754.6071695,61272081.17332149
2025-04-17 00:00:00 UTC,3378.0299136548656,772760203.9141138,117655679.6750688
2025-04-18 00:00:00 UTC,3345.3221976296213,770485978.165639,94206922.87547348
2025-04-19 00:00:00 UTC,3353.807985113055,772443215.0258535,54155044.81712916
2025-04-20 00:00:00 UTC,3349.3310374565194,771391113.0440288,34059225.05006449
2025-04-21 00:00:00 UTC,3368.8038542956892,775990919.1575408,35114709.666260384
2025-04-22 00:00:00 UTC,3464.20961250268,798018045.5292194,138853663.3328819
2025-04-23 00:00:00 UTC,3350.016641144771,785931656.4672815,265668471.10978404
2025-04-24 00:00:00 UTC,3332.502894562837,785604509.5673915,165302064.97152227
2025-04-25 00:00:00 UTC,3368.504987686827,796839151.1139003,105018724.04563332
2025-04-26 00:00:00 UTC,3316.3776743206286,787262529.2693399,107650903.43030316
2025-04-27 00:00:00 UTC,3316.4156148493494,787148926.0719819,37632748.74367762
2025-04-28 00:00:00 UTC,3310.1771109293886,785677883.914148,30505611.003646657
2025-04-29 00:00:00 UTC,3340.254223413482,792811661.362226,76155886.85203925
2025-04-30 00:00:00 UTC,3316.7265003189364,787180207.0358919,56455118.07723831
2025-05-01 00:00:00 UTC,3283.806927254972,780944035.051935,58030023.74570191
2025-05-02 00:00:00 UTC,3250.4458402987443,772977377.5892301,81021558.24753
2025-05-03 00:00:00 UTC,3255.210936446995,775123140.8138819,62814856.772268735
2025-05-04 00:00:00 UTC,3259.258779430295,776118380.879423,21594811.5620494
2025-05-05 00:00:00 UTC,3262.8673272742535,776491000.5985699,25781446.355402853
2025-05-06 00:00:00 UTC,3347.424237990306,797084030.493346,70354865.23651448
2025-05-07 00:00:00 UTC,3406.5955641132045,816025223.2569503,110122489.28343391
2025-05-08 00:00:00 UTC,3384.2270074254093,801553250.9701437,75794365.86595152
2025-05-09 00:00:00 UTC,3321.9229220108664,787081143.1012274,118494571.66646113
2025-05-10 00:00:00 UTC,3335.7729445785794,790347216.8421952,59893340.881103806
2025-05-11 00:00:00 UTC,3328.2075032544262,788413527.1796035,31890933.439984206
2025-05-12 00:00:00 UTC,3291.061367371477,779485053.6926187,43718843.58438653
2025-05-13 00:00:00 UTC,3246.1955930954227,769146294.9813169,98293911.87809464
2025-05-14 00:00:00 UTC,3261.217903891134,772630642.1343322,51366137.528181165
2025-05-15 00:00:00 UTC,3195.962813840992,758295202.1854656,68305162.40738988
2025-05-16 00:00:00 UTC,3249.243479207588,773164148.0863526,84661262.00286789
2025-05-17 00:00:00 UTC,3221.9104218652415,767113821.8989558,67531706.0959533
2025-05-18 00:00:00 UTC,3225.5598733898823,767987579.8608022,36070939.66123247
2025-05-19 00:00:00 UTC,3251.17382426338,774194336.8332211,43965795.5114971
2025-05-20 00:00:00 UTC,3238.495085489887,771111902.2441399,59808728.33541133
2025-05-21 00:00:00 UTC,3303.641433356113,789217405.3210125,78603904.29721823
2025-05-22 00:00:00 UTC,3325.5921763177053,794478894.1500987,60230808.87616475
2025-05-23 00:00:00 UTC,3309.412089541348,791917274.3566635,63770195.62025208
2025-05-24 00:00:00 UTC,3359.4594320423066,803794559.315838,70699577.14206739
2025-05-25 00:00:00 UTC,3362.9269680150414,804663541.5683771,20783604.571973085
2025-05-26 00:00:00 UTC,3351.421777817476,801986147.5857528,31210485.15884991
2025-05-27 00:00:00 UTC,3359.5737307655013,803896928.8473974,42365724.39466829
2025-05-28 00:00:00 UTC,3323.341637262833,795249617.5378056,46888749.39688788
2025-05-29 00:00:00 UTC,3278.1307248710273,785700336.8100117,47968804.626304984
2025-05-30 00:00:00 UTC,3325.1543195866857,797071957.827466,43009298.9034021
2025-05-31 00:00:00 UTC,3304.0767056878067,791936319.3912282,48470462.56152304
2025-06-01 00:00:00 UTC,3299.0673035391987,790754654.4794915,19929666.31286095
2025-06-02 00:00:00 UTC,3321.836565917984,796314925.182714,24386114.966404404
2025-06-03 00:00:00 UTC,3398.168566076118,815879047.2963903,63008323.027036645
2025-06-04 00:00:00 UTC,3370.731110839329,809300660.8240829,47051243.99447271
2025-06-05 00:00:00 UTC,3390.563752834437,814034174.8848573,36491602.11942443
2025-06-06 00:00:00 UTC,3379.323540117135,811247184.2228341,66304920.89360134
2025-06-07 00:00:00 UTC,3337.51118565616,802669559.8908331,52844235.86587076
2025-06-08 00:00:00 UTC,3334.851344816922,801907929.9719603,15710805.996599384
2025-06-09 00:00:00 UTC,3340.638011846181,803271881.6196104,26173839.097587492
2025-06-10 00:00:00 UTC,3346.546894813563,806169916.9232258,41899813.429445505
2025-06-11 00:00:00 UTC,3338.467344363665,806755265.9150352,52719567.48316569
2025-06-12 00:00:00 UTC,3377.2131515283245,817845438.0863308,61491507.366684675
2025-06-13 00:00:00 UTC,3403.2542197228936,823830191.5457745,106000459.86371997
2025-06-14 00:00:00 UTC,3463.632161261758,838602342.8440241,213966599.40697095
2025-06-15 00:00:00 UTC,3485.2372055639053,843722646.772313,63288706.691972815
2025-06-16 00:00:00 UTC,3479.069975043784,842224499.2787752,70742792.71621065
2025-06-17 00:00:00 UTC,3426.8690091226144,840356570.1982915,123655227.49558164
2025-06-18 00:00:00 UTC,3414.384832318867,847216269.0202767,126470909.05830406
2025-06-19 00:00:00 UTC,3395.683617233353,856434743.9805747,106004408.70010991
2025-06-20 00:00:00 UTC,3390.7345061264614,855216228.2882487,59054264.40087449
2025-06-21 00:00:00 UTC,3394.891344162924,871216689.6035224,102523629.73740537
2025-06-22 00:00:00 UTC,3392.3415543936962,870085571.7897147,73396729.2616869
2025-06-23 00:00:00 UTC,3407.121582225954,874607914.6112815,202903007.45113185
2025-06-24 00:00:00 UTC,3373.6029518716427,875593507.4510894,274814969.83799845
2025-06-25 00:00:00 UTC,3345.592172693943,882886208.1402369,271081204.0719438
2025-06-26 00:00:00 UTC,3353.1431907174438,899266044.0299956,92250421.1926864
2025-06-27 00:00:00 UTC,3335.5809681619417,910650244.5866886,82416945.04813792
2025-06-28 00:00:00 UTC,3296.849671035675,905253216.983943,123161263.97743888
2025-06-29 00:00:00 UTC,3290.6618663274066,903519458.6949825,26099204.650894333
2025-06-30 00:00:00 UTC,3280.929377403921,900852970.5242358,32077293.335514445
2025-07-01 00:00:00 UTC,3319.689728215109,922156596.127431,80190039.35003155
2025-07-02 00:00:00 UTC,3347.2752759051477,932462415.8902389,77626256.64840728
2025-07-03 00:00:00 UTC,3355.3418290619775,937464465.3275523,59863328.87137288
2025-07-04 00:00:00 UTC,3335.866723886229,931996732.9655482,48910027.31785504
2025-07-05 00:00:00 UTC,3343.6464478964795,934179592.8751066,31686012.167963374
2025-07-06 00:00:00 UTC,3343.9082050751235,934264829.9857453,18410718.694123633
2025-07-07 00:00:00 UTC,3334.492145245455,931576792.5271704,22474319.42433487
2025-07-08 00:00:00 UTC,3336.897322382628,933617619.7271073,53216020.69263611
2025-07-09 00:00:00 UTC,3308.4895831689787,925560689.948134,54865303.46634457
2025-07-10 00:00:00 UTC,3320.168555312299,930220931.7217741,69303484.21187916
2025-07-11 00:00:00 UTC,3323.5517133530498,931252147.153194,64439245.24824251
2025-07-12 00:00:00 UTC,3346.577250179165,937388862.411829,92002365.64763796
2025-07-13 00:00:00 UTC,3350.959412459379,938797781.3909949,30167517.54399352
2025-07-14 00:00:00 UTC,3355.9890427271716,940271155.0794516,42874229.61595196
2025-07-15 00:00:00 UTC,3350.133381062237,938612083.1433977,138984160.48004746
2025-07-16 00:00:00 UTC,3338.0043954799567,935191062.5037367,99803495.9725478
2025-07-17 00:00:00 UTC,3352.3171936783133,940522394.3571656,82752963.21492939
2025-07-18 00:00:00 UTC,3343.1135880018705,939503144.9768881,93350803.55283861
2025-07-19 00:00:00 UTC,3352.8364402260486,944914590.2267871,77770983.62091246
2025-07-20 00:00:00 UTC,3358.9142451793496,946388344.6301471,26876253.500026524
2025-07-21 00:00:00 UTC,3353.096193922796,944792360.1651534,28203903.263014022
2025-07-22 00:00:00 UTC,3396.9845007201834,957152554.2659293,80291449.41390091
2025-07-23 00:00:00 UTC,3426.4444811824737,965416490.6176771,66322791.31562144
2025-07-24 00:00:00 UTC,3395.937430520797,956689708.0832206,64125177.5422095
2025-07-25 00:00:00 UTC,3376.4098017371603,951348980.6590161,69183153.40063304
2025-07-26 00:00:00 UTC,3347.203513946897,943383812.4303683,73412040.09208627
2025-07-27 00:00:00 UTC,3355.3574304206786,945394416.7836653,26919468.23926497
2025-07-28 00:00:00 UTC,3346.7607001334422,942942485.7713908,38292902.689820714
2025-07-29 00:00:00 UTC,3321.168850639034,937143077.6281786,116951679.44747332
2025-07-30 00:00:00 UTC,3334.4472632049738,942078225.6332905,56699258.78439108
2025-07-31 00:00:00 UTC,3297.545386105817,931766145.4146012,96326745.53032014
2025-08-01 00:00:00 UTC,3295.4268305779306,932739706.602296,89816808.46713321
2025-08-02 00:00:00 UTC,3362.656873204231,952904719.4532689,128749805.90435736
2025-08-03 00:00:00 UTC,3361.218576326646,952505854.534176,43439123.87806037
2025-08-04 00:00:00 UTC,3362.1294756485527,952413919.602797,37488237.468038216
2025-08-05 00:00:00 UTC,3379.0232924737634,957638749.5440916,70891735.92684813
2025-08-06 00:00:00 UTC,3384.220459152731,960408527.4107562,63675091.4616681
2025-08-07 00:00:00 UTC,3371.6175116064837,956743227.6562748,55489389.264405884
2025-08-08 00:00:00 UTC,3394.4461501424994,964692163.5836878,76135922.78737907
2025-08-09 00:00:00 UTC,3385.4314844018368,962038023.6313745,89512128.94354016
2025-08-10 00:00:00 UTC,3384.422957223347,961742208.8563956,46956753.61008012
2025-08-11 00:00:00 UTC,3386.176408452649,962354633.4713527,31479038.179510392
2025-08-12 00:00:00 UTC,3345.2188828478997,950652546.721513,108919615.22881658
2025-08-13 00:00:00 UTC,3342.643483263842,949951305.1004853,96134938.01421025
2025-08-14 00:00:00 UTC,3354.7805416683696,953403037.373988,79528860.58902025
2025-08-15 00:00:00 UTC,3330.5762234399463,946495088.822703,73485870.20677328
2025-08-16 00:00:00 UTC,3333.410659632509,947366555.7154504,49763353.273630254
2025-08-17 00:00:00 UTC,3331.62722591924,946790419.5582377,20305844.62846025
2025-08-18 00:00:00 UTC,3326.8278183280117,945390026.874642,20900137.75199481
2025-08-19 00:00:00 UTC,3333.0361421542375,937646909.9270598,63745308.499823675
2025-08-20 00:00:00 UTC,3311.648916404008,933183301.036727,55628695.77169538
2025-08-21 00:00:00 UTC,3340.4028353365316,941079840.8096617,71103802.18321697
2025-08-22 00:00:00 UTC,3330.674384892064,938288734.9041427,38417492.74901389
2025-08-23 00:00:00 UTC,3363.489026520376,947646387.79878,61732385.82909437
2025-08-24 00:00:00 UTC,3359.718654053598,946506182.5604475,21251283.133597177
2025-08-25 00:00:00 UTC,3358.9761759841163,946162112.3583223,32992642.155956127
2025-08-26 00:00:00 UTC,3341.8874901037857,941498205.5419611,80489112.72959729
2025-08-27 00:00:00 UTC,3379.57146077887,952071154.9299402,113327890.5832997
2025-08-28 00:00:00 UTC,3388.848489647877,954858936.7121091,59467339.51334389
2025-08-29 00:00:00 UTC,3416.6096641182185,962639450.0271757,85456864.29157525
2025-08-30 00:00:00 UTC,3463.2182650156083,975636845.5900599,111753477.88749611
2025-08-31 00:00:00 UTC,3463.093928075197,975625125.539206,44578960.07293767
2025-09-01 00:00:00 UTC,3461.765611391593,975273795.8355703,54980885.55485254
2025-09-02 00:00:00 UTC,3502.5600542111492,986765556.3387008,143079356.1706079
2025-09-03 00:00:00 UTC,3547.2005903751206,1002115871.6836045,166070782.6502201
2025-09-04 00:00:00 UTC,3572.630642023934,1015250859.2775984,113209130.31475894
2025-09-05 00:00:00 UTC,3559.0436527874376,1012533040.2300403,147696967.54401952
2025-09-06 00:00:00 UTC,3593.2090693490177,1032634563.5498631,110195706.27377018
2025-09-07 00:00:00 UTC,3625.0828256013256,1040714433.8254923,72869545.12667312
2025-09-08 00:00:00 UTC,3603.13107453133,1035336439.4422755,92209833.9461376
2025-09-09 00:00:00 UTC,3638.9231911632533,1045647033.103009,118866512.19527756
2025-09-10 00:00:00 UTC,3644.2400271946512,1049109231.4235996,132970637.86130536
2025-09-11 00:00:00 UTC,3643.1187030476635,1051383423.5968765,103613778.53009151
2025-09-12 00:00:00 UTC,3633.386917571101,1048732256.1414262,102392740.8111667
2025-09-13 00:00:00 UTC,3643.8752004147104,1051456415.7174108,78117771.21778609
